{"s": "ok", "t": [1765756800, 1765843200, 1765929600, 1766016000, 1766102400, 1766361600, 1766448000, 1766534400, 1766707200, 1766966400, 1767052800, 1767139200, 1767312000, 1767571200, 1767657600, 1767744000, 1767830400, 1767916800, 1768176000, 1768262400, 1768348800, 1768435200, 1768521600, 1768867200, 1768953600, 1769040000, 1769126400, 1769385600, 1769472000, 1769558400, 1769644800, 1769731200, 1769990400, 1770076800, 1770163200, 1770249600, 1770336000, 1770595200, 1770681600, 1770768000, 1770854400, 1770940800, 1771286400, 1771372800, 1771459200, 1771545600, 1771804800, 1771891200, 1771977600, 1772064000, 1772150400, 1772409600, 1772496000, 1772582400, 1772668800, 1772755200, 1773014400, 1773100800, 1773187200, 1773273600, 1773360000, 1773619200, 1773705600, 1773792000, 1773878400, 1773964800, 1774224000, 1774310400, 1774396800, 1774483200, 1774569600, 1774828800, 1774915200, 1775001600, 1775088000, 1775433600, 1775520000, 1775606400, 1775692800, 1775779200, 1776038400, 1776124800, 1776211200, 1776297600, 1776384000, 1776643200, 1776729600, 1776816000, 1776902400, 1776988800, 1777248000, 1777334400, 1777420800, 1777507200, 1777593600, 1777852800, 1777939200, 1778025600, 1778112000, 1778198400, 1778457600, 1778544000, 1778630400, 1778716800, 1778803200, 1779062400, 1779148800, 1779235200, 1779321600, 1779408000, 1779753600, 1779840000, 1779926400, 1780012800, 1780272000, 1780358400, 1780444800, 1780531200, 1780617600, 1780876800, 1780963200, 1781049600, 1781136000, 1781222400], "o": [177.7232402429772, 176.0452813318811, 175.88548356566727, 174.3173807251694, 176.45477147838753, 183.6959478478248, 182.7471036477755, 187.71105179508496, 189.68863982420257, 187.4813341773615, 188.01069817319677, 189.33907943283364, 189.60873357074172, 191.52640398377517, 190.2879203285983, 188.34028795646717, 188.87963997886857, 184.8545293482555, 182.99680052530172, 184.7746378408776, 184.0954557419801, 186.27281050248445, 188.84966224271636, 181.67839380225757, 178.8318922054109, 184.52493568425237, 187.27158465782284, 186.93200550896393, 187.01190478720812, 191.03700193406064, 191.10690928022157, 190.97707539362895, 186.97195532434574, 186.01312186532803, 179.24138264216026, 174.71688060291817, 176.47474973392875, 184.03552934237337, 191.1468699498802, 192.2155516352278, 192.79485804306626, 187.25162028422807, 181.5285959992061, 188.52005804720127, 186.8321237354349, 186.342734664171, 191.16683922839312, 191.2567378902843, 194.2131137016724, 194.03334246429932, 181.0292033274304, 174.79680413295333, 178.27256086028186, 180.22019302825058, 180.94929874286032, 179.6209064601764, 176.61458806542097, 182.17779858894656, 185.6935753620157, 183.83574790315467, 184.70472270189353, 182.7570048934839, 184.8445618023411, 182.26756764801692, 177.80276430906588, 177.79278016290237, 177.0536408486584, 174.6264683383626, 176.89383761026875, 175.86504388946904, 169.80209026823204, 168.58352034150624, 166.77563225072552, 175.79511913229018, 171.97954556798163, 176.953760088437, 175.52541836668527, 184.28522303450282, 181.6283100364998, 184.09543736125556, 185.81343445538195, 190.61783708872017, 196.31119931453722, 197.20015246424893, 199.66727910555997, 199.7471876833392, 201.89470437258373, 200.75603026628932, 202.22431724671497, 199.72721882416832, 209.4059296471886, 209.24613572912838, 212.4523894424142, 209.68560172993963, 201.0456862731779, 199.26774870200734, 199.06798360144137, 199.65729931010404, 208.0974592073836, 212.7820061205359, 213.79081709888328, 218.29558003818886, 224.6681467194947, 229.58243343997336, 229.49252726355346, 229.60240180074675, 219.36432694236115, 222.9201831873553, 222.03121805596584, 220.64283833374193, 216.28791550863897, 213.87072806866348, 211.03403615445995, 214.33020874183248, 215.47885750139108, 226.91551751623658, 221.46188713313538, 213.91000366210938, 214.52999877929688, 210.17999267578125, 210.6199951171875, 204.42999267578125, 201.49000549316406, 204.72999572753906], "h": [178.20265125135413, 178.27257580423, 175.91544580087532, 175.93540231223645, 181.2289470656948, 183.935660967629, 189.099356383118, 188.67987134928, 192.45526970950266, 188.53004285167208, 188.75978454971104, 190.32786369396138, 192.69496568024334, 193.39413642527967, 191.935904267691, 191.13686475404677, 189.31910643994627, 186.1129888751533, 186.89204340473577, 187.88084992986475, 184.23528457453645, 189.46890929684608, 190.20800608356458, 182.1578200140757, 185.15418310637224, 185.94320399708803, 189.3690325020707, 188.88960930416175, 189.76853699604698, 192.1156881225865, 193.244301759811, 194.25307849059112, 190.0681850900544, 186.04308409913696, 179.36123157735668, 176.604592702014, 186.77218713146127, 193.42408742490235, 192.24552080983682, 193.0245624433192, 193.3741533411549, 187.27160018883805, 186.92201173748992, 190.13807962880853, 188.20044994409497, 190.09814888521723, 193.71373598373438, 193.53395924081437, 197.38924768090467, 194.0533071271398, 182.36756729714082, 183.2365228635074, 180.67961330625172, 184.47499807110998, 183.83577756501342, 182.5373473445644, 182.68718325690133, 186.21288569214076, 187.40157611978597, 184.72471123223085, 185.87335881208497, 188.66012868968363, 185.1841623368753, 183.16652908726184, 179.77047215436778, 178.05247199547227, 178.16234927411983, 176.01484951930743, 181.00903649280792, 176.30451888215924, 170.77096223786808, 169.25273855906806, 174.41672082635512, 177.16351944386196, 177.28337661769746, 177.58301630024127, 178.0225079733855, 185.0443328296099, 183.86570786090292, 189.77881591864653, 189.43921351677633, 196.28123474121094, 200.166706463506, 199.6173486077875, 201.46518667284232, 201.9346406188145, 202.51397775047528, 202.26426696777344, 203.59271751351986, 210.70441481695215, 216.5775789683675, 214.4800260296235, 212.47237042757808, 210.05518135667162, 202.76368521944246, 201.49514834231712, 200.00689171848026, 208.0275486883452, 213.95063795079753, 217.5464575316693, 222.04121091513153, 223.48952345691538, 227.57476278227756, 236.26463268418732, 231.23050718880455, 229.7322553439391, 224.21866983705235, 225.8667612103758, 227.13526994336974, 220.75271088945502, 217.92600574795006, 213.90069192498567, 215.2691056248748, 217.6063892667686, 224.60821672379726, 232.00958636747916, 222.56061267075634, 221.60000610351562, 214.8699951171875, 210.47000122070312, 211.39999389648438, 207.22000122070312, 205.66000366210938, 207.07000732421875],