{"s": "ok", "t": [1765756800, 1765843200, 1765929600, 1766016000, 1766102400, 1766361600, 1766448000, 1766534400, 1766707200, 1766966400, 1767052800, 1767139200, 1767312000, 1767571200, 1767657600, 1767744000, 1767830400, 1767916800, 1768176000, 1768262400, 1768348800, 1768435200, 1768521600, 1768867200, 1768953600, 1769040000, 1769126400, 1769385600, 1769472000, 1769558400, 1769644800, 1769731200, 1769990400, 1770076800, 1770163200, 1770249600, 1770336000, 1770595200, 1770681600, 1770768000, 1770854400, 1770940800, 1771286400, 1771372800, 1771459200, 1771545600, 1771804800, 1771891200, 1771977600, 1772064000, 1772150400, 1772409600, 1772496000, 1772582400, 1772668800, 1772755200, 1773014400, 1773100800, 1773187200, 1773273600, 1773360000, 1773619200, 1773705600, 1773792000, 1773878400, 1773964800, 1774224000, 1774310400, 1774396800, 1774483200, 1774569600, 1774828800, 1774915200, 1775001600, 1775088000, 1775433600, 1775520000, 1775606400, 1775692800, 1775779200, 1776038400, 1776124800, 1776211200, 1776297600, 1776384000, 1776643200, 1776729600, 1776816000, 1776902400, 1776988800, 1777248000, 1777334400, 1777420800, 1777507200, 1777593600, 1777852800, 1777939200, 1778025600, 1778112000, 1778198400, 1778457600, 1778544000, 1778630400, 1778716800, 1778803200, 1779062400, 1779148800, 1779235200, 1779321600, 1779408000, 1779753600, 1779840000, 1779926400, 1780012800, 1780272000, 1780358400, 1780444800, 1780531200, 1780617600, 1780876800, 1780963200, 1781049600, 1781136000, 1781222400], "o": [116.46825055634037, 116.11963337733977, 114.74507978071276, 114.55583062634328, 114.68531243006412, 113.55978539742661, 111.54775097908545, 110.46206278523768, 111.27882652397903, 111.1493266999186, 111.44815465664773, 111.28878301723408, 110.98997041428227, 112.37447405538123, 111.9561321395757, 113.73906803670604, 110.85051976674569, 111.81669567753553, 117.03599755512734, 117.42444981576396, 119.71537291596158, 119.50620474356865, 118.2013712294854, 120.41261014762198, 117.61370491177271, 118.81892625508576, 117.70334822747184, 117.34477241224526, 117.03599659697956, 116.17939581708815, 115.99014202925233, 116.44832800552413, 119.02810087602128, 123.16170856030108, 127.6240212194025, 128.07224379114265, 126.7873415914411, 130.90102979422613, 128.43082877650485, 126.19965702951212, 128.86908699895253, 132.17596397423097, 132.58434284935956, 127.62402671064055, 127.9925545127162, 122.51428087573963, 123.0322212206814, 125.40282410088673, 126.11002246896268, 125.48251763330904, 125.02432075277177, 126.9566701232984, 126.02037403309, 126.60804230809586, 124.88487680384983, 122.01625726564232, 123.20155666231803, 123.7194978109023, 124.81515483391257, 121.81704946755148, 124.8948431387138, 126.25943335245626, 126.14986704476209, 123.83902464214266, 121.91664843204333, 120.40022309052897, 120.25051817287543, 120.40022673495365, 122.57606824271039, 123.37454971153619, 121.797559430932, 123.47435432392255, 123.19489450352893, 123.5641913010441, 124.91161944284859, 125.57035577652285, 125.94964029245568, 122.04708342071828, 126.84791054304318, 128.47481653280053, 126.04944284595747, 122.9154308672155, 124.39260450328428, 124.09318034812574, 124.33272180114233, 127.62643800392097, 127.5865165719599, 129.7523727840388, 130.32129300569852, 131.68868776733035, 129.37309399779951, 129.0936285622354, 126.43870579994015, 127.77615492489326, 131.6687172620817, 130.1616060398744, 130.26139760263393, 130.6107426768886, 129.6525642347807, 130.32000732421875, 130.17999267578125, 128.0800018310547, 129.19000244140625, 131.36000061035156, 133.69000244140625, 131.52000427246094, 132.94000244140625, 132.91000366210938, 124.41000366210938, 121.33999633789062, 120.69000244140625, 118.33000183105469, 118.95999908447266, 118.11000061035156, 114.7300033569336, 113.87000274658203, 113.0999984741211, 119.9000015258789, 118.3499984741211, 118.25, 120.37999725341797, 119.70999908447266, 120.56999969482422, 120.51000213623047], "h": [116.9861937630029, 116.4184441331518, 115.93038298119593, 116.02002685042402, 114.82475896321472, 113.86855879947925, 111.90632995222431, 111.26886170266053, 111.52783929095921, 112.33462981376638, 112.24499855980663, 111.8067262002754, 112.34460046985909, 113.28088411737933, 114.33669338377976, 114.27693649767366, 113.02191131075173, 115.00405607413008, 118.37070230512944, 120.03410612780056, 120.76122191334015, 120.39268954357787, 120.12374997782183, 121.1397307536994, 120.01418389072646, 119.04801373249136, 118.14161311182713, 118.380666421838, 117.1654804957765, 116.99615738784763, 117.19537049018723, 118.93845554717745, 123.70953778708709, 127.66385576917413, 128.89896530076112, 129.08822010153554, 131.17992285780286, 131.2695638265917, 128.8292431293693, 129.22766054156153, 133.95890836521818, 134.118260374443, 134.15810517758902, 128.36109476526104, 129.5862422047388, 122.99238873015149, 126.29927501801508, 127.53436506225285, 126.89690370051927, 126.82718506321761, 128.09216731908256, 128.24157693224024, 127.86306693425331, 127.66385392874334, 125.18369515590186, 123.69958602213366, 124.01831821839308, 125.60203365402064, 124.99444432715642, 124.89484364052527, 126.18971257024316, 126.47856579955872, 126.68773552385488, 124.1179177107379, 122.26526477509258, 121.0689526721321, 120.89927398864255, 123.87360154016888, 123.25477327869513, 123.56419023849065, 124.03329060905865, 125.02140490538139, 124.76190370952608, 124.99146777045921, 125.66019086466167, 126.73813295805967, 126.11931465504222, 127.05752573613917, 129.44296405735184, 128.68440799806444, 126.05942593004949, 124.96152154925787, 124.83176883675557, 125.70011425915739, 127.32700747439601, 129.22338882645656, 129.52282377758172, 130.2015125669619, 132.20769225837955, 131.86833759939617, 129.5627345211589, 129.52281741453146, 127.83604066435157, 132.17774329103938, 133.11595225949642, 131.49905002829192, 131.47907495130153, 130.9001835931079, 130.35124307928913, 131.41000366210938, 130.60000610351562, 131.1199951171875, 132.52999877929688, 132.77999877929688, 133.9499969482422, 133.47000122070312, 135.16000366210938, 133.64999389648438, 125.80000305175781, 121.94999694824219, 121.05000305175781, 119.43000030517578, 119.16999816894531, 119.08000183105469, 115.9800033569336, 114.56999969482422, 117.29000091552734, 119.94000244140625, 120.88999938964844, 120.18000030517578, 120.5, 120.81999969482422, 121.86000061035156, 121.61000061035156],