{"s": "ok", "t": [1765756800, 1765843200, 1765929600, 1766016000, 1766102400, 1766361600, 1766448000, 1766534400, 1766707200, 1766966400, 1767052800, 1767139200, 1767312000, 1767571200, 1767657600, 1767744000, 1767830400, 1767916800, 1768176000, 1768262400, 1768348800, 1768435200, 1768521600, 1768867200, 1768953600, 1769040000, 1769126400, 1769385600, 1769472000, 1769558400, 1769644800, 1769731200, 1769990400, 1770076800, 1770163200, 1770249600, 1770336000, 1770595200, 1770681600, 1770768000, 1770854400, 1770940800, 1771286400, 1771372800, 1771459200, 1771545600, 1771804800, 1771891200, 1771977600, 1772064000, 1772150400, 1772409600, 1772496000, 1772582400, 1772668800, 1772755200, 1773014400, 1773100800, 1773187200, 1773273600, 1773360000, 1773619200, 1773705600, 1773792000, 1773878400, 1773964800, 1774224000, 1774310400, 1774396800, 1774483200, 1774569600, 1774828800, 1774915200, 1775001600, 1775088000, 1775433600, 1775520000, 1775606400, 1775692800, 1775779200, 1776038400, 1776124800, 1776211200, 1776297600, 1776384000, 1776643200, 1776729600, 1776816000, 1776902400, 1776988800, 1777248000, 1777334400, 1777420800, 1777507200, 1777593600, 1777852800, 1777939200, 1778025600, 1778112000, 1778198400, 1778457600, 1778544000, 1778630400, 1778716800, 1778803200, 1779062400, 1779148800, 1779235200, 1779321600, 1779408000, 1779753600, 1779840000, 1779926400, 1780012800, 1780272000, 1780358400, 1780444800, 1780531200, 1780617600, 1780876800, 1780963200, 1781049600, 1781136000, 1781222400], "o": [346.3960884283587, 344.57366257997035, 344.1254885044418, 343.74708462692297, 344.62342131505847, 348.55716921268737, 350.54890187499416, 351.9232101586524, 353.6361539003453, 354.0245094530053, 352.540669795347, 352.1921037382886, 348.4276753681045, 343.07984193998647, 352.2219885159953, 355.6776563633471, 353.53655468224264, 350.7082565158282, 341.36690482487097, 335.6107496370988, 327.30514200519735, 327.97233789178887, 325.4328712721598, 320.90164032884104, 325.0843095294372, 325.1141812371603, 324.51663904313784, 326.6478329536713, 327.1258860334559, 325.38308017509553, 328.6395919878754, 330.8504479341279, 323.49090869837266, 330.28279336048513, 325.7614942159401, 331.62723473824406, 330.41226140265053, 329.39649267698104, 324.03822505585356, 326.24366079752514, 328.20961639281825, 323.1600351388152, 313.7595536000123, 318.83902681983574, 316.83314883690497, 317.4518595119579, 318.3799825277642, 304.86796881092005, 307.9116514148336, 313.82942179031494, 313.80941959658975, 314.84727900250533, 315.1566560071252, 320.7750012998144, 318.669337844787, 315.39614274359616, 312.8114977016857, 314.7774111170955, 312.6019339587185, 307.5025275101912, 306.95365892861656, 307.2131106166737, 310.67593734480056, 306.7740243134503, 297.4234073430545, 299.22967494551517, 304.5686181307204, 301.37522313516865, 304.84803341435196, 303.53075782816387, 303.690412167838, 298.1119967721213, 300.97605544568177, 304.41890425868155, 297.18387993371056, 300.1178154929676, 301.81431445179874, 307.09336495279763, 307.36281310114674, 308.0713228407691, 303.30121285543817, 307.83183571502826, 312.3524558530697, 315.6955340890468, 315.9450216957469, 315.74542959968784, 313.3603848879222, 310.3665765900329, 309.8576410034995, 306.4646690803624, 306.8738424172374, 311.55411993872787, 335.70405894620507, 331.4329052084062, 332.19135193962137, 327.32144294688226, 324.4373840973491, 323.08021332247415, 318.87893543276164, 320.3259235133766, 318.43984029560517, 324.32000732421875, 323.7900085449219, 321.3699951171875, 324.0, 324.42999267578125, 333.3299865722656, 330.0899963378906, 329.8399963378906, 330.5199890136719, 326.4599914550781, 325.8299865722656, 326.010009765625, 325.5, 327.260009765625, 322.510009765625, 317.6499938964844, 316.7900085449219, 322.3999938964844, 321.3500061035156, 318.6600036621094, 326.6199951171875, 322.0, 321.760009765625], "h": [347.013558062661, 346.18697949005985, 346.356274968795, 346.09734117529985, 348.46752454314327, 351.9829906785768, 354.9108504598721, 354.5224359515592, 355.25943930639664, 355.0801372512876, 353.40707844317745, 353.7357322383478, 348.6069260340118, 356.0660946845086, 357.1416263785221, 356.8030028431636, 354.8809955460086, 353.23779410971, 345.0815390214404, 336.1285950456492, 328.5400205277584, 330.3226246971901, 327.8926900869644, 326.9665310832551, 327.3150959639532, 327.0362480346291, 326.4486438928325, 330.63134311164293, 327.5740127198232, 327.03624054150487, 331.9857259727928, 331.6272312240268, 333.31027767642445, 334.4057411301331, 329.9441921266053, 336.19830919167754, 333.74845736517926, 331.44799815131194, 329.1975426584034, 330.3551322103828, 331.55266164507725, 325.8045770845193, 320.71513531219466, 321.61327441091976, 319.5375641615583, 321.68310824371105, 319.85690123125556, 308.6301583134982, 313.2905150583614, 318.7592044654264, 319.56750179898404, 321.9325962848922, 321.37377846847016, 325.09602991416637, 322.1321601221174, 317.032764525398, 315.74541779360504, 316.47390623113745, 314.42813457039836, 310.3067116813087, 309.7079588288859, 310.48632357047774, 312.04309816703056, 307.3029266148368, 301.8442350116896, 302.2933310235784, 307.2131297520358, 305.4068737202475, 307.851785612155, 307.2330740575747, 303.95984261233536, 300.05794432922346, 302.71244598499914, 304.41890425868155, 301.84423173587874, 303.79022540723855, 304.3490682260976, 310.4364099548042, 308.93953101515194, 308.3607314071977, 309.10917956751626, 311.47427847139704, 316.07475007651544, 317.3421144410126, 318.7791426284462, 316.8930444033761, 316.23443160774116, 310.7158281288479, 311.5541362439113, 309.33871572907344, 310.17699235362977, 313.31045806908014, 341.27253225190367, 331.8121239370452, 335.1552089039801, 329.1077483731355, 324.90641295969726, 323.9084827860181, 323.02034370833087, 320.4057750632095, 324.5072483684324, 328.9100036621094, 325.4200134277344, 323.3299865722656, 329.010009765625, 333.42999267578125, 335.1700134277344, 331.6600036621094, 332.5199890136719, 333.42999267578125, 328.5, 331.4599914550781, 327.0799865722656, 331.6700134277344, 327.8599853515625, 323.5, 317.6499938964844, 324.760009765625, 325.9800109863281, 323.9200134277344, 325.489990234375, 326.8999938964844, 323.7099914550781, 325.92999267578125],