{"s": "ok", "t": [1765756800, 1765843200, 1765929600, 1766016000, 1766102400, 1766361600, 1766448000, 1766534400, 1766707200, 1766966400, 1767052800, 1767139200, 1767312000, 1767571200, 1767657600, 1767744000, 1767830400, 1767916800, 1768176000, 1768262400, 1768348800, 1768435200, 1768521600, 1768867200, 1768953600, 1769040000, 1769126400, 1769385600, 1769472000, 1769558400, 1769644800, 1769731200, 1769990400, 1770076800, 1770163200, 1770249600, 1770336000, 1770595200, 1770681600, 1770768000, 1770854400, 1770940800, 1771286400, 1771372800, 1771459200, 1771545600, 1771804800, 1771891200, 1771977600, 1772064000, 1772150400, 1772409600, 1772496000, 1772582400, 1772668800, 1772755200, 1773014400, 1773100800, 1773187200, 1773273600, 1773360000, 1773619200, 1773705600, 1773792000, 1773878400, 1773964800, 1774224000, 1774310400, 1774396800, 1774483200, 1774569600, 1774828800, 1774915200, 1775001600, 1775088000, 1775433600, 1775520000, 1775606400, 1775692800, 1775779200, 1776038400, 1776124800, 1776211200, 1776297600, 1776384000, 1776643200, 1776729600, 1776816000, 1776902400, 1776988800, 1777248000, 1777334400, 1777420800, 1777507200, 1777593600, 1777852800, 1777939200, 1778025600, 1778112000, 1778198400, 1778457600, 1778544000, 1778630400, 1778716800, 1778803200, 1779062400, 1779148800, 1779235200, 1779321600, 1779408000, 1779753600, 1779840000, 1779926400, 1780012800, 1780272000, 1780358400, 1780444800, 1780531200, 1780617600, 1780876800, 1780963200, 1781049600, 1781136000, 1781222400], "o": [338.35949127350534, 337.7939053635172, 331.0364226425074, 326.39252647422813, 325.5292426546717, 320.409036028938, 321.5005561377824, 322.6913030880782, 324.67588437182803, 328.3374043807456, 327.1863787199748, 329.7563887116683, 328.34732981065946, 332.8622369855367, 345.662711327742, 346.2878643521878, 338.3793412906715, 344.57120987581374, 338.78619283823343, 338.86555257809704, 332.782847847861, 332.6141801527573, 332.2767735847801, 324.87433425330187, 336.8115280003352, 344.5017331063574, 351.5469517834556, 351.21951505665726, 291.702213399879, 281.5313004420569, 292.05942772986015, 289.846652494331, 283.813546924047, 282.5037398579998, 279.83448944092856, 272.17404228482235, 264.99982219373493, 272.0351201393386, 275.3791211558089, 270.3383030122331, 276.01418403452675, 283.42654580952046, 291.73198959854005, 287.76284771983296, 288.64600598150304, 286.6713275933028, 286.3240116656432, 280.0230266545793, 275.15090127919626, 284.7661470745293, 282.5037339526243, 285.9370523533373, 286.7606388027243, 286.78047821184975, 287.81245235313276, 285.12337070169843, 282.0, 287.3800048828125, 282.3800048828125, 284.7799987792969, 278.05999755859375, 283.9800109863281, 287.79998779296875, 285.20001220703125, 284.0, 278.989990234375, 279.1400146484375, 268.8699951171875, 275.0, 269.989990234375, 267.5, 260.17999267578125, 263.0, 274.2099914550781, 272.2900085449219, 277.8800048828125, 308.8500061035156, 312.0, 305.82000732421875, 307.95001220703125, 303.25, 312.510009765625, 316.0, 315.0, 320.04998779296875, 324.19000244140625, 353.010009765625, 350.8800048828125, 354.67999267578125, 356.489990234375, 353.9100036621094, 356.8399963378906, 366.0, 368.510009765625, 371.9599914550781, 368.54998779296875, 370.4800109863281, 363.1000061035156, 366.6400146484375, 371.989990234375, 380.45001220703125, 382.8500061035156, 396.5, 401.0, 394.29998779296875, 390.0, 390.0, 389.54998779296875, 381.1199951171875, 381.9200134277344, 386.0, 378.42999267578125, 384.9599914550781, 383.7799987792969, 376.1099853515625, 377.9800109863281, 380.0, 390.0, 399.5400085449219, 397.1300048828125, 409.989990234375, 413.5, 408.7099914550781, 409.010009765625], "h": [342.29886671519796, 338.3594851881083, 332.93169199085276, 327.6328835933034, 332.01879957848786, 327.2558010793172, 325.27122955986954, 326.45204387040064, 329.3297066015354, 331.67146953910793, 333.55683603301947, 330.7585766695686, 337.6351396453709, 344.26358953637697, 349.8898275937949, 347.4091217233587, 345.2161737147571, 346.36724457311226, 340.00668485359506, 339.2029260683279, 337.4862723400109, 336.83139439550655, 333.6064630655481, 337.26800331941564, 345.3947932518869, 352.21181217559, 355.1092535612803, 352.05303136197875, 297.189551826661, 292.6647472242202, 293.3196499104892, 290.690101376754, 288.1597631644659, 285.867572502765, 282.3052710508733, 274.75399105843275, 275.66689369311825, 278.01860173294193, 277.33392522870173, 277.53237392426894, 284.1013061426968, 291.1961288714354, 291.9602262062647, 287.89184970361094, 288.64600598150304, 288.5566643334604, 289.5191726640262, 280.2214656182002, 282.5434113343664, 292.98227105493606, 291.8609802744715, 293.0318890868292, 291.4739959442926, 292.06934726969536, 289.1421418264066, 289.08258097242623, 285.20001220703125, 287.5799865722656, 286.2200012207031, 287.55999755859375, 282.8800048828125, 287.3999938964844, 288.989990234375, 288.3999938964844, 287.54998779296875, 283.1000061035156, 280.75, 273.3800048828125, 276.0799865722656, 274.6400146484375, 267.6700134277344, 262.3299865722656, 271.8800048828125, 275.29998779296875, 279.0400085449219, 283.29998779296875, 312.42999267578125, 312.9700012207031, 307.8900146484375, 310.3699951171875, 313.32000732421875, 319.6199951171875, 317.760009765625, 318.6099853515625, 325.2699890136719, 325.3999938964844, 357.67999267578125, 358.55999755859375, 356.8500061035156, 358.2799987792969, 356.489990234375, 369.6300048828125, 370.8399963378906, 371.989990234375, 372.8999938964844, 370.8299865722656, 371.79998779296875, 368.54998779296875, 369.80999755859375, 379.9800109863281, 384.80999755859375, 397.4200134277344, 404.1499938964844, 401.8999938964844, 397.6300048828125, 392.1400146484375, 394.989990234375, 393.3800048828125, 386.1099853515625, 390.5400085449219, 386.5199890136719, 384.5299987792969, 389.260009765625, 385.1199951171875, 383.3500061035156, 380.0799865722656, 387.4599914550781, 401.3800048828125, 404.0400085449219, 408.7099914550781, 413.0, 415.9800109863281, 409.9800109863281, 409.32501220703125],