{"s": "ok", "t": [1765756800, 1765843200, 1765929600, 1766016000, 1766102400, 1766361600, 1766448000, 1766534400, 1766707200, 1766966400, 1767052800, 1767139200, 1767312000, 1767571200, 1767657600, 1767744000, 1767830400, 1767916800, 1768176000, 1768262400, 1768348800, 1768435200, 1768521600, 1768867200, 1768953600, 1769040000, 1769126400, 1769385600, 1769472000, 1769558400, 1769644800, 1769731200, 1769990400, 1770076800, 1770163200, 1770249600, 1770336000, 1770595200, 1770681600, 1770768000, 1770854400, 1770940800, 1771286400, 1771372800, 1771459200, 1771545600, 1771804800, 1771891200, 1771977600, 1772064000, 1772150400, 1772409600, 1772496000, 1772582400, 1772668800, 1772755200, 1773014400, 1773100800, 1773187200, 1773273600, 1773360000, 1773619200, 1773705600, 1773792000, 1773878400, 1773964800, 1774224000, 1774310400, 1774396800, 1774483200, 1774569600, 1774828800, 1774915200, 1775001600, 1775088000, 1775433600, 1775520000, 1775606400, 1775692800, 1775779200, 1776038400, 1776124800, 1776211200, 1776297600, 1776384000, 1776643200, 1776729600, 1776816000, 1776902400, 1776988800, 1777248000, 1777334400, 1777420800, 1777507200, 1777593600, 1777852800, 1777939200, 1778025600, 1778112000, 1778198400, 1778457600, 1778544000, 1778630400, 1778716800, 1778803200, 1779062400, 1779148800, 1779235200, 1779321600, 1779408000, 1779753600, 1779840000, 1779926400, 1780012800, 1780272000, 1780358400, 1780444800, 1780531200, 1780617600, 1780876800, 1780963200, 1781049600, 1781136000, 1781222400], "o": [141.19673129774333, 143.98577795425717, 144.5672481238911, 144.49824207550833, 143.40430011657747, 141.6303657655459, 140.42801467658208, 140.8320910560058, 142.2216767785809, 142.70458796897623, 142.20195615078617, 141.91617770255507, 141.03904935980404, 139.05814632996376, 138.35841040902034, 137.77694468141317, 135.89457850580993, 139.64944796852805, 140.2210554653958, 141.91616235122444, 142.58633104163619, 143.57184164517412, 141.6796303517559, 142.3695200191174, 144.93189437029253, 145.93712595877486, 149.712647008589, 148.9980382071651, 146.96336732095224, 146.89388627303396, 146.1891842346614, 149.30571499844902, 151.28084031358154, 151.44957220395347, 154.9631263363213, 157.65286786424556, 157.05735036526295, 157.57346483951432, 156.35264888745172, 157.45436291960067, 158.8240488540049, 160.531204802217, 158.75456362862204, 157.79181864584456, 155.65788811225167, 157.94070688728465, 159.12181881303948, 163.66757394503628, 163.31025282164364, 162.99265735907807, 162.81399197597887, 164.05465940435903, 160.97783189673535, 158.24839219296612, 155.76707607012526, 152.5115860991408, 152.00538471730655, 154.32790667166816, 154.06984694547987, 151.0724248897603, 150.2386985039696, 150.7250418803543, 151.86643380137835, 148.19408442244597, 145.12718307624942, 143.90639099733644, 145.05770938492896, 142.25878501317578, 142.6657281554216, 142.61610343501624, 141.65335242791525, 141.97094527513215, 143.73765369955214, 142.8443796504602, 143.0131056912039, 141.9411690118371, 141.454840716097, 142.08012618705075, 143.31086497516455, 145.79218524932554, 143.9162976044084, 142.16946974371214, 143.2810820748224, 142.12975952100697, 142.33819707004346, 144.9683840959239, 143.5391459879603, 141.43498890920546, 142.32825390720163, 152.00999450683594, 147.4199981689453, 150.02999877929688, 148.3000030517578, 147.08999633789062, 147.8699951171875, 146.05999755859375, 143.3800048828125, 146.39999389648438, 147.99000549316406, 146.5500030517578, 145.7899932861328, 144.35000610351562, 143.14999389648438, 143.17999267578125, 143.39999389648438, 142.10000610351562, 142.47000122070312, 141.4499969482422, 141.8800048828125, 143.8699951171875, 144.50999450683594, 143.4600067138672, 146.6999969482422, 145.52000427246094, 141.52000427246094, 140.1199951171875, 140.92999267578125, 142.6999969482422, 142.22000122070312, 145.7899932861328, 144.6699981689453, 149.91000366210938, 148.6999969482422, 149.3800048828125], "h": [143.21706857300535, 144.41939803729915, 146.30177371071878, 145.3655123170783, 143.93649412637006, 142.31036807910905, 141.65006085609454, 142.64547588312772, 143.5324320535533, 142.97068498306004, 142.36950929459834, 142.05415116269117, 141.2657168088333, 139.30452857715505, 139.3735040371015, 137.77694468141317, 139.72828529951533, 140.27033601367305, 141.7979077743001, 142.25123856988353, 144.77420666364677, 144.23215923566787, 142.63559459522585, 144.8727569580078, 145.23740595850845, 148.72617463905098, 150.51659080010117, 149.75236786197235, 148.5216256392456, 147.59858658033056, 149.0079702857208, 150.83421388895187, 152.58104720148043, 155.36012793207712, 157.18637541610013, 158.45681171352453, 158.794271204482, 158.08958273935144, 158.95306264875933, 159.93567853239364, 161.92072579242517, 161.35500342594642, 160.95797301763113, 157.79181864584456, 158.76450001144985, 159.85627527883125, 164.12414454817443, 165.6228518855779, 163.76682153324356, 163.27056348960818, 166.00000775715966, 165.30525218881115, 160.97783189673535, 158.4171198428621, 155.92588390891444, 153.27582040185652, 155.0623672959407, 155.97548867908492, 154.21873497118054, 151.9061432924026, 151.40988739234177, 151.49921116919685, 152.3130827230334, 148.50176512112768, 146.27851711013417, 144.7301896282972, 145.05770938492896, 144.14457877437948, 143.0230382100302, 143.48953140674783, 143.0031887796008, 144.48205057019396, 143.83689723418516, 143.8865352679399, 143.1322191412683, 142.59623995058482, 141.70297227039742, 144.0254842946808, 145.84180994767988, 145.79218524932554, 144.0056213268027, 143.63840439700792, 143.32077645892193, 143.2116095257885, 146.48694963990266, 145.56390591386355, 143.5391459879603, 142.22901292852262, 145.13710492750891, 152.4199981689453, 149.6999969482422, 151.19000244140625, 148.75, 147.72000122070312, 149.27999877929688, 146.05999755859375, 145.89999389648438, 148.9499969482422, 147.99000549316406, 147.52000427246094, 145.9499969482422, 145.86000061035156, 144.6699981689453, 144.27999877929688, 143.39999389648438, 144.42999267578125, 143.7100067138672, 143.22000122070312, 143.72000122070312, 144.63999938964844, 145.61000061035156, 148.5399932861328, 146.6999969482422, 145.63999938964844, 141.82000732421875, 141.1199951171875, 142.4499969482422, 143.13999938964844, 148.22999572753906, 146.5500030517578, 149.47999572753906, 150.42999267578125, 149.6199951171875, 150.1999969482422],