{"s": "ok", "t": [1765756800, 1765843200, 1765929600, 1766016000, 1766102400, 1766361600, 1766448000, 1766534400, 1766707200, 1766966400, 1767052800, 1767139200, 1767312000, 1767571200, 1767657600, 1767744000, 1767830400, 1767916800, 1768176000, 1768262400, 1768348800, 1768435200, 1768521600, 1768867200, 1768953600, 1769040000, 1769126400, 1769385600, 1769472000, 1769558400, 1769644800, 1769731200, 1769990400, 1770076800, 1770163200, 1770249600, 1770336000, 1770595200, 1770681600, 1770768000, 1770854400, 1770940800, 1771286400, 1771372800, 1771459200, 1771545600, 1771804800, 1771891200, 1771977600, 1772064000, 1772150400, 1772409600, 1772496000, 1772582400, 1772668800, 1772755200, 1773014400, 1773100800, 1773187200, 1773273600, 1773360000, 1773619200, 1773705600, 1773792000, 1773878400, 1773964800, 1774224000, 1774310400, 1774396800, 1774483200, 1774569600, 1774828800, 1774915200, 1775001600, 1775088000, 1775433600, 1775520000, 1775606400, 1775692800, 1775779200, 1776038400, 1776124800, 1776211200, 1776297600, 1776384000, 1776643200, 1776729600, 1776816000, 1776902400, 1776988800, 1777248000, 1777334400, 1777420800, 1777507200, 1777593600, 1777852800, 1777939200, 1778025600, 1778112000, 1778198400, 1778457600, 1778544000, 1778630400, 1778716800, 1778803200, 1779062400, 1779148800, 1779235200, 1779321600, 1779408000, 1779753600, 1779840000, 1779926400, 1780012800, 1780272000, 1780358400, 1780444800, 1780531200, 1780617600, 1780876800, 1780963200, 1781049600, 1781136000, 1781222400], "o": [469.44000244140625, 472.2099914550781, 488.2200012207031, 478.1600036621094, 488.1199951171875, 489.8800048828125, 489.3999938964844, 488.4800109863281, 485.2300109863281, 469.0, 461.0899963378906, 456.1000061035156, 457.79998779296875, 447.989990234375, 446.3800048828125, 435.8999938964844, 427.8900146484375, 435.95001220703125, 441.2300109863281, 450.20001220703125, 442.80999755859375, 441.1300048828125, 439.5, 429.3599853515625, 421.6600036621094, 435.1600036621094, 447.42999267578125, 445.0, 437.4100036621094, 431.9100036621094, 437.79998779296875, 425.3500061035156, 421.2900085449219, 424.2699890136719, 420.4599914550781, 397.0199890136719, 400.8699951171875, 409.9100036621094, 418.0799865722656, 427.9599914550781, 430.29998779296875, 414.30999755859375, 412.3599853515625, 411.1099853515625, 407.25, 408.29998779296875, 407.2900085449219, 399.5, 412.1499938964844, 414.4200134277344, 402.94000244140625, 390.6000061035156, 395.0899963378906, 397.8500061035156, 401.57000732421875, 398.0899963378906, 390.04998779296875, 402.2200012207031, 402.2799987792969, 405.17999267578125, 399.1700134277344, 396.2200012207031, 395.69000244140625, 399.0, 387.2699890136719, 379.8500061035156, 373.0899963378906, 376.55999755859375, 389.989990234375, 381.6000061035156, 369.69000244140625, 365.8599853515625, 361.510009765625, 378.6300048828125, 364.20001220703125, 362.5899963378906, 346.44000244140625, 363.7900085449219, 343.1499938964844, 346.2900085449219, 350.07000732421875, 357.6700134277344, 366.8299865722656, 393.80999755859375, 395.9200134277344, 402.5799865722656, 393.0, 387.57000732421875, 375.2799987792969, 373.5, 372.0899963378906, 374.67999267578125, 375.3999938964844, 372.75, 382.489990234375, 390.2300109863281, 395.19000244140625, 386.25, 407.4800109863281, 416.4800109863281, 422.1600036621094, 441.4100036621094, 436.6700134277344, 446.489990234375, 433.9800109863281, 419.2699890136719, 403.1600036621094, 407.6000061035156, 422.17999267578125, 422.6700134277344, 430.260009765625, 442.8900146484375, 437.6199951171875, 439.8500061035156, 427.489990234375, 418.2200012207031, 418.70001220703125, 419.8399963378906, 420.5, 396.3299865722656, 411.0299987792969, 391.5400085449219, 388.2799987792969, 399.4599914550781], "h": [481.7699890136719, 491.5, 495.2799987792969, 490.8599853515625, 490.489990234375, 498.8299865722656, 491.9700012207031, 490.8999938964844, 489.0899963378906, 469.3999938964844, 463.1199951171875, 456.54998779296875, 458.3399963378906, 457.54998779296875, 448.25, 438.3699951171875, 436.8900146484375, 449.04998779296875, 454.29998779296875, 451.80999755859375, 443.9100036621094, 445.3599853515625, 447.25, 430.7300109863281, 438.20001220703125, 449.5, 452.42999267578125, 445.0400085449219, 437.5199890136719, 438.260009765625, 440.2300109863281, 439.8800048828125, 427.1499938964844, 428.55999755859375, 423.8999938964844, 402.1000061035156, 414.54998779296875, 421.25, 427.25, 436.3500061035156, 436.2300109863281, 424.05999755859375, 413.7200012207031, 416.8999938964844, 415.25, 414.70001220703125, 407.70001220703125, 410.82000732421875, 420.3399963378906, 416.80999755859375, 407.1199951171875, 404.5400085449219, 396.3399963378906, 408.3299865722656, 408.6199951171875, 402.3500061035156, 401.5899963378906, 406.5899963378906, 416.3800048828125, 406.5, 400.20001220703125, 403.7300109863281, 400.1199951171875, 403.07000732421875, 387.2699890136719, 379.8900146484375, 385.3299865722656, 387.4800109863281, 396.2300109863281, 384.44000244140625, 369.8599853515625, 367.2900085449219, 373.3299865722656, 383.1400146484375, 370.2799987792969, 367.7200012207031, 348.0199890136719, 364.5, 348.8800048828125, 350.3599853515625, 356.3500061035156, 367.6300048828125, 394.6499938964844, 394.05999755859375, 409.2799987792969, 406.79998779296875, 393.95001220703125, 393.010009765625, 386.0, 382.760009765625, 380.7799987792969, 382.2900085449219, 376.3999938964844, 384.75, 397.82000732421875, 394.6400146484375, 402.1199951171875, 401.67999267578125, 415.8299865722656, 431.20001220703125, 449.1600036621094, 447.79998779296875, 453.3999938964844, 451.9800109863281, 434.6600036621094, 421.1300048828125, 405.6300048828125, 417.4599914550781, 426.95001220703125, 431.510009765625, 435.20001220703125, 445.6000061035156, 443.9599914550781, 441.07000732421875, 429.6000061035156, 424.4200134277344, 433.6000061035156, 426.3500061035156, 424.67999267578125, 412.94000244140625, 418.5, 397.0899963378906, 399.5400085449219, 406.67999267578125],