{"s": "ok", "t": [1765756800, 1765843200, 1765929600, 1766016000, 1766102400, 1766361600, 1766448000, 1766534400, 1766707200, 1766966400, 1767052800, 1767139200, 1767312000, 1767571200, 1767657600, 1767744000, 1767830400, 1767916800, 1768176000, 1768262400, 1768348800, 1768435200, 1768521600, 1768867200, 1768953600, 1769040000, 1769126400, 1769385600, 1769472000, 1769558400, 1769644800, 1769731200, 1769990400, 1770076800, 1770163200, 1770249600, 1770336000, 1770595200, 1770681600, 1770768000, 1770854400, 1770940800, 1771286400, 1771372800, 1771459200, 1771545600, 1771804800, 1771891200, 1771977600, 1772064000, 1772150400, 1772409600, 1772496000, 1772582400, 1772668800, 1772755200, 1773014400, 1773100800, 1773187200, 1773273600, 1773360000, 1773619200, 1773705600, 1773792000, 1773878400, 1773964800, 1774224000, 1774310400, 1774396800, 1774483200, 1774569600, 1774828800, 1774915200, 1775001600, 1775088000, 1775433600, 1775520000, 1775606400, 1775692800, 1775779200, 1776038400, 1776124800, 1776211200, 1776297600, 1776384000, 1776643200, 1776729600, 1776816000, 1776902400, 1776988800, 1777248000, 1777334400, 1777420800, 1777507200, 1777593600, 1777852800, 1777939200, 1778025600, 1778112000, 1778198400, 1778457600, 1778544000, 1778630400, 1778716800, 1778803200, 1779062400, 1779148800, 1779235200, 1779321600, 1779408000, 1779753600, 1779840000, 1779926400, 1780012800, 1780272000, 1780358400, 1780444800, 1780531200, 1780617600, 1780876800, 1780963200, 1781049600, 1781136000, 1781222400], "o": [354.3454011754941, 351.890350719742, 347.02952794372493, 358.437146318118, 349.1394914439731, 340.4630356930076, 339.1714218809893, 339.5066482461403, 342.11942352082826, 345.0871927008666, 341.17294881395236, 340.65036230421987, 338.6094143018549, 337.8896584001967, 336.70651293277245, 348.3803227645915, 340.4630219276524, 358.3977007876376, 369.3813470355869, 370.5940554895674, 371.402576962321, 370.74198133565903, 373.92664061577483, 367.015016342024, 370.5250539043045, 381.02560655099694, 376.14505253322466, 379.5959387532504, 379.54662512274996, 374.8731581670115, 369.6376878739626, 367.1826382311588, 368.98695694738984, 371.994153103603, 379.1916650142771, 381.2523381810382, 375.98728671118465, 378.9648917937197, 378.42260481593075, 379.59593227578426, 388.0259209765789, 384.72292930553755, 386.7244587530962, 377.37750721462396, 378.3535966330926, 372.1519090514545, 375.642218194377, 383.64823761864784, 375.72110843572847, 373.08854869017824, 368.6122821451982, 369.73629177968485, 358.6244886120164, 361.05982791326113, 360.98095183182903, 352.521386197404, 350.60860283243505, 348.0845153095286, 350.4705824133954, 343.4638217479043, 339.14618185881324, 339.8905990411044, 342.3223854396477, 336.07918962592805, 326.51095694292064, 325.30997769719255, 329.5184050161633, 323.47373045416623, 332.50599870334025, 328.9724946138041, 325.06182501857006, 323.2950875702295, 326.0444514861297, 326.917887926607, 321.19086962876275, 317.3198994033779, 320.5953395998547, 330.77894470607737, 328.793843678836, 338.50104928687557, 333.0419921292309, 338.4613084989645, 339.3050167001936, 337.45883730199483, 340.2876076588945, 345.74668780364254, 350.30249013948253, 341.38938659209543, 336.97250390104824, 335.36454889356634, 331.9898736755333, 331.9600858337338, 323.23552662924203, 319.84098255164037, 327.64247502508795, 319.6821730130914, 311.07673168078134, 319.5630769182253, 322.5903881812466, 320.2777143896263, 314.14373333673075, 310.898078954826, 305.3199040148408, 302.78887315920815, 298.07424740300473, 297.0221439227359, 289.6970696990096, 298.8186768095753, 304.0791968081222, 312.1586044517627, 312.71442680501025, 312.4067459496401, 315.08664723408407, 318.09409181489474, 312.7839312414303, 307.6722619962661, 305.6474630032703, 317.8299865722656, 310.8299865722656, 308.8800048828125, 311.3500061035156, 323.2699890136719, 322.2900085449219, 328.5], "h": [357.579359927637, 353.7045198644217, 352.4819041668492, 361.15838486769815, 349.1394914439731, 343.0166774116561, 342.62229390594126, 343.37163818075135, 345.1364690558136, 345.40270821274765, 342.1096261749485, 341.84336961987077, 343.59838686169115, 342.4743820456016, 345.75765004144216, 353.4678977912044, 358.14133860743897, 370.21939248630673, 371.1363607050033, 374.8435553037023, 374.75484669771674, 374.84359307204454, 377.39722114810644, 372.0434358362532, 380.5030293317551, 385.11734905751234, 378.97476279305323, 381.9819836075265, 381.0748563661519, 375.65207772428147, 371.7969502160774, 369.8545906553002, 374.3210228955687, 386.2807536592444, 385.04829008875464, 381.5678537052556, 380.94668150677455, 380.3649731120046, 386.2412872463754, 385.925830931171, 392.04866888152776, 388.4695781761187, 388.4696032452015, 379.7142357565836, 378.3535966330926, 379.4184547233535, 378.7480272407957, 388.8147067462792, 376.0859101070057, 376.1253328459018, 376.8253745597512, 369.84473331578295, 363.6035918893053, 364.38251992997345, 361.8288960882838, 354.4045800289114, 351.48609464151224, 356.5638062786719, 351.31852668219665, 346.07424686049404, 340.8633132246558, 342.6697414353192, 344.1982990603374, 337.27023766635267, 327.77152145914164, 327.7715255801863, 332.2280917306825, 330.0444409673587, 334.6796970583926, 331.63253525345, 325.1015357075125, 325.5481770157906, 328.97250147399274, 330.6101943303035, 323.870750501632, 324.2479150918696, 321.9650706650396, 336.2578383243535, 338.034530123591, 338.68963720668444, 338.89806195934295, 340.20821526800967, 339.7218729406502, 339.43404277406773, 349.39925676441203, 348.5556360884443, 350.9178695006371, 342.66976104141247, 338.29258904217085, 337.73674002155695, 334.8682776929053, 333.4290480867068, 323.4141792936507, 327.66232248650493, 328.05933124322655, 319.6821730130914, 315.26531587428565, 322.81865689716307, 325.05190579011315, 321.58789456309347, 314.7591127388281, 312.436527412303, 305.39932539696116, 303.70203722956956, 300.6747371606021, 301.51841777200616, 300.93280137975603, 308.69461352004953, 311.6523978374447, 312.61517135375607, 314.43155813919475, 318.6102158850976, 319.4836593172751, 319.7020263439793, 313.5382829013507, 309.87573568166556, 311.185907914239, 320.75, 314.04998779296875, 313.7699890136719, 322.8900146484375, 324.0, 327.0299987792969, 331.0199890136719],