{"s": "ok", "t": [1765756800, 1765843200, 1765929600, 1766016000, 1766102400, 1766361600, 1766448000, 1766534400, 1766707200, 1766966400, 1767052800, 1767139200, 1767312000, 1767571200, 1767657600, 1767744000, 1767830400, 1767916800, 1768176000, 1768262400, 1768348800, 1768435200, 1768521600, 1768867200, 1768953600, 1769040000, 1769126400, 1769385600, 1769472000, 1769558400, 1769644800, 1769731200, 1769990400, 1770076800, 1770163200, 1770249600, 1770336000, 1770595200, 1770681600, 1770768000, 1770854400, 1770940800, 1771286400, 1771372800, 1771459200, 1771545600, 1771804800, 1771891200, 1771977600, 1772064000, 1772150400, 1772409600, 1772496000, 1772582400, 1772668800, 1772755200, 1773014400, 1773100800, 1773187200, 1773273600, 1773360000, 1773619200, 1773705600, 1773792000, 1773878400, 1773964800, 1774224000, 1774310400, 1774396800, 1774483200, 1774569600, 1774828800, 1774915200, 1775001600, 1775088000, 1775433600, 1775520000, 1775606400, 1775692800, 1775779200, 1776038400, 1776124800, 1776211200, 1776297600, 1776384000, 1776643200, 1776729600, 1776816000, 1776902400, 1776988800, 1777248000, 1777334400, 1777420800, 1777507200, 1777593600, 1777852800, 1777939200, 1778025600, 1778112000, 1778198400, 1778457600, 1778544000, 1778630400, 1778716800, 1778803200, 1779062400, 1779148800, 1779235200, 1779321600, 1779408000, 1779753600, 1779840000, 1779926400, 1780012800, 1780272000, 1780358400, 1780444800, 1780531200, 1780617600, 1780876800, 1780963200, 1781049600, 1781136000, 1781222400], "o": [227.92999267578125, 223.0399932861328, 224.66000366210938, 225.7100067138672, 226.75999450683594, 228.61000061035156, 229.05999755859375, 232.1300048828125, 232.0399932861328, 231.94000244140625, 231.2100067138672, 232.91000366210938, 231.33999633789062, 228.83999633789062, 232.10000610351562, 239.61000061035156, 243.05999755859375, 244.57000732421875, 246.72999572753906, 246.52999877929688, 241.14999389648438, 239.30999755859375, 239.08999633789062, 233.75999450683594, 231.08999633789062, 234.0500030517578, 234.9600067138672, 239.97999572753906, 239.69000244140625, 246.3699951171875, 242.82000732421875, 239.88999938964844, 238.30999755859375, 244.97999572753906, 238.86000061035156, 224.91000366210938, 202.6999969482422, 208.97000122070312, 208.8000030517578, 208.05999755859375, 203.9600067138672, 198.8800048828125, 198.1300048828125, 202.07000732421875, 203.8000030517578, 204.75999450683594, 208.10000610351562, 205.47000122070312, 210.4600067138672, 210.72999572753906, 206.8300018310547, 204.5500030517578, 203.10000610351562, 210.47000122070312, 215.97999572753906, 214.99000549316406, 210.4499969482422, 214.19000244140625, 215.7100067138672, 210.38999938964844, 209.61000061035156, 208.35000610351562, 212.82000732421875, 213.92999267578125, 207.05999755859375, 207.39999389648438, 209.7899932861328, 207.9499969482422, 211.55999755859375, 210.61000061035156, 206.4600067138672, 201.47999572753906, 204.85000610351562, 210.44000244140625, 206.5399932861328, 209.8000030517578, 211.24000549316406, 223.7899932861328, 225.22999572753906, 235.3000030517578, 237.4499969482422, 241.77999877929688, 249.25, 248.50999450683594, 254.99000549316406, 249.19000244140625, 255.08999633789062, 252.44000244140625, 255.38999938964844, 259.9800109863281, 263.4599914550781, 258.3900146484375, 257.989990234375, 273.1700134277344, 265.5799865722656, 268.79998779296875, 276.0799865722656, 272.8900146484375, 275.0199890136719, 271.6300048828125, 269.8399963378906, 266.7099914550781, 264.42999267578125, 269.1499938964844, 262.5, 263.8699951171875, 262.0400085449219, 260.04998779296875, 263.5, 268.6600036621094, 267.94000244140625, 266.1499938964844, 272.2699890136719, 271.2900085449219, 266.2900085449219, 257.1600036621094, 254.6999969482422, 253.1199951171875, 254.25999450683594, 246.67999267578125, 247.72999572753906, 243.61000061035156, 237.92999267578125, 243.2100067138672], "h": [227.92999267578125, 223.66000366210938, 225.19000244140625, 229.22999572753906, 229.1300048828125, 229.47999572753906, 232.4499969482422, 232.9499969482422, 232.99000549316406, 232.60000610351562, 232.77000427246094, 232.99000549316406, 235.4600067138672, 234.0, 243.17999267578125, 245.2899932861328, 246.41000366210938, 247.86000061035156, 248.94000244140625, 247.66000366210938, 241.27999877929688, 240.64999389648438, 239.57000732421875, 235.08999633789062, 232.3000030517578, 235.72000122070312, 240.4499969482422, 240.9499969482422, 244.8800048828125, 247.77999877929688, 243.0, 243.32000732421875, 245.6300048828125, 246.35000610351562, 238.86000061035156, 226.30999755859375, 211.44000244140625, 212.80999755859375, 212.64999389648438, 208.57000732421875, 203.9600067138672, 201.16000366210938, 201.74000549316406, 206.86000061035156, 205.63999938964844, 211.1699981689453, 208.42999267578125, 210.36000061035156, 211.58999633789062, 211.0500030517578, 210.3300018310547, 209.72999572753906, 209.17999267578125, 217.5399932861328, 220.47000122070312, 217.32000732421875, 213.82000732421875, 215.64999389648438, 217.0, 211.7100067138672, 210.55999755859375, 212.72000122070312, 215.6999969482422, 215.13999938964844, 209.1199951171875, 207.5399932861328, 212.8000030517578, 209.35000610351562, 213.07000732421875, 212.88999938964844, 206.60000610351562, 203.8000030517578, 210.27999877929688, 213.5800018310547, 212.2100067138672, 212.9499969482422, 213.97000122070312, 226.10000610351562, 233.8000030517578, 240.42999267578125, 240.0, 252.17999267578125, 250.44000244140625, 250.0, 256.17999267578125, 250.17999267578125, 255.08999633789062, 255.94000244140625, 258.7900085449219, 264.5, 264.1499938964844, 261.0299987792969, 265.9100036621094, 273.8800048828125, 273.32000732421875, 276.1000061035156, 278.55999755859375, 277.79998779296875, 276.6300048828125, 274.0, 273.6300048828125, 267.6499938964844, 270.7200012207031, 270.7799987792969, 264.3599853515625, 268.8500061035156, 262.25, 265.5799865722656, 269.489990234375, 269.7900085449219, 269.29998779296875, 272.4100036621094, 274.5, 274.75, 266.6300048828125, 261.20001220703125, 257.0899963378906, 255.8300018310547, 256.3800048828125, 249.4199981689453, 250.42999267578125, 244.07000732421875, 242.13999938964844, 243.3300018310547],