{"s": "ok", "t": [1765756800, 1765843200, 1765929600, 1766016000, 1766102400, 1766361600, 1766448000, 1766534400, 1766707200, 1766966400, 1767052800, 1767139200, 1767312000, 1767571200, 1767657600, 1767744000, 1767830400, 1767916800, 1768176000, 1768262400, 1768348800, 1768435200, 1768521600, 1768867200, 1768953600, 1769040000, 1769126400, 1769385600, 1769472000, 1769558400, 1769644800, 1769731200, 1769990400, 1770076800, 1770163200, 1770249600, 1770336000, 1770595200, 1770681600, 1770768000, 1770854400, 1770940800, 1771286400, 1771372800, 1771459200, 1771545600, 1771804800, 1771891200, 1771977600, 1772064000, 1772150400, 1772409600, 1772496000, 1772582400, 1772668800, 1772755200, 1773014400, 1773100800, 1773187200, 1773273600, 1773360000, 1773619200, 1773705600, 1773792000, 1773878400, 1773964800, 1774224000, 1774310400, 1774396800, 1774483200, 1774569600, 1774828800, 1774915200, 1775001600, 1775088000, 1775433600, 1775520000, 1775606400, 1775692800, 1775779200, 1776038400, 1776124800, 1776211200, 1776297600, 1776384000, 1776643200, 1776729600, 1776816000, 1776902400, 1776988800, 1777248000, 1777334400, 1777420800, 1777507200, 1777593600, 1777852800, 1777939200, 1778025600, 1778112000, 1778198400, 1778457600, 1778544000, 1778630400, 1778716800, 1778803200, 1779062400, 1779148800, 1779235200, 1779321600, 1779408000, 1779753600, 1779840000, 1779926400, 1780012800, 1780272000, 1780358400, 1780444800, 1780531200, 1780617600, 1780876800, 1780963200, 1781049600, 1781136000, 1781222400], "o": [645.1476664750544, 642.9495426008936, 655.0491556477624, 656.4679564970005, 665.8499012351181, 661.0840391473547, 659.4853234816244, 661.9632786179176, 667.4885344385556, 657.4471149030659, 658.1265110341435, 664.1813161961976, 662.1630447721155, 650.4531272549772, 659.0057810200069, 655.0791375151089, 645.3274855180696, 644.8878661181845, 651.9718010113269, 641.720599826752, 625.9640568168747, 617.9508982377323, 623.6460522405506, 607.3600037753715, 606.2209580964126, 628.811597152667, 644.2184496993522, 664.5609947255355, 674.0129574053085, 673.9229813666298, 736.7991536844581, 726.8776752394725, 713.9886602426056, 706.7648539132639, 687.1416843315144, 663.0123852284637, 664.920685797671, 662.6126578425271, 677.0202983345941, 673.4234361526849, 669.3968787035581, 644.5481137374378, 638.952945338547, 633.2578140286595, 638.0237449576674, 639.1428111159805, 651.9817939677475, 632.5384628258726, 641.9803720795121, 649.9935020296807, 642.8995542116262, 636.6149203669017, 647.7354225434952, 657.397151925757, 661.363765843265, 647.3457881163396, 634.2369839533108, 653.0009245574777, 654.1999146227295, 648.1950599902964, 623.3562813254467, 632.0, 627.989990234375, 616.3400268554688, 612.1500244140625, 603.530029296875, 605.7899780273438, 599.0999755859375, 598.739990234375, 582.489990234375, 540.0999755859375, 536.3800048828125, 549.97998046875, 580.1300048828125, 566.0399780273438, 577.6900024414062, 572.47998046875, 606.0, 626.969970703125, 634.469970703125, 629.5, 643.219970703125, 667.0, 675.989990234375, 678.5999755859375, 681.3599853515625, 671.0, 674.3599853515625, 663.7000122070312, 660.3200073242188, 671.0, 674.239990234375, 668.9099731445312, 619.3200073242188, 614.6900024414062, 607.9400024414062, 613.3099975585938, 601.0499877929688, 614.719970703125, 615.2000122070312, 604.5700073242188, 594.8200073242188, 598.8300170898438, 616.0, 613.989990234375, 609.1099853515625, 608.9199829101562, 600.760009765625, 600.0, 607.8800048828125, 608.8900146484375, 609.4000244140625, 639.5, 633.5, 630.4000244140625, 603.239990234375, 603.0, 623.6699829101562, 623.4600219726562, 592.0, 591.0, 580.72998046875, 565.8300170898438, 572.9500122070312], "h": [652.4414097008485, 661.973233609148, 660.664343241777, 669.9863502083882, 670.4260003995075, 673.0038267300547, 665.4302455294139, 667.6084088263418, 668.3777877623371, 659.6851889371151, 671.6449047754843, 664.4311023248911, 663.8216588672108, 663.9715218041853, 664.9507033148827, 658.5861445899717, 646.5464125947736, 654.3897406244424, 653.4105105723186, 641.720599826752, 627.9124008742662, 623.6360331340583, 628.5418850412981, 610.8770121629093, 617.7411240978843, 660.0049216653568, 665.9198400091174, 674.7023359243682, 676.2410302656567, 677.1002536346601, 743.363540655783, 731.5436633097714, 720.6829408229889, 716.3866205151361, 688.2407799622291, 680.9170392363125, 671.4151252649915, 682.7254419812133, 680.0677378888336, 678.6889475196376, 675.421749916193, 650.872715705495, 642.0502690775812, 644.4482453696517, 646.6363661317032, 662.7825455010891, 657.1374142434245, 640.5615620292823, 653.3206382422114, 660.4345752110744, 648.8844201349368, 659.3754626922687, 658.4762268569145, 672.1944798634893, 670.1262833419206, 648.9143914185428, 647.195859029807, 659.7351492208539, 658.5561703533895, 652.9409968457168, 628.6317326131165, 634.75, 636.5499877929688, 622.6500244140625, 613.0, 603.9600219726562, 608.6400146484375, 601.0, 603.6699829101562, 583.0, 543.5999755859375, 539.5499877929688, 573.6900024414062, 592.5499877929688, 578.5, 582.7899780273438, 575.22998046875, 629.9500122070312, 637.5, 638.5800170898438, 635.0, 666.260009765625, 678.5, 677.5800170898438, 691.52001953125, 683.3800048828125, 676.2000122070312, 678.3800048828125, 669.5599975585938, 680.6699829101562, 682.5, 678.1799926757812, 674.25, 620.8499755859375, 618.8800048828125, 614.0, 614.3499755859375, 619.9500122070312, 624.97998046875, 616.77001953125, 604.9099731445312, 603.75, 619.9000244140625, 623.72998046875, 621.2000122070312, 615.5900268554688, 613.9299926757812, 608.0, 609.5999755859375, 614.8099975585938, 614.469970703125, 638.5, 643.0, 634.5, 635.75, 608.8800048828125, 624.1500244140625, 642.4000244140625, 629.1500244140625, 592.0, 597.6300048828125, 591.3200073242188, 572.1699829101562, 576.0700073242188],