{"s": "ok", "t": [1765756800, 1765843200, 1765929600, 1766016000, 1766102400, 1766361600, 1766448000, 1766534400, 1766707200, 1766966400, 1767052800, 1767139200, 1767312000, 1767571200, 1767657600, 1767744000, 1767830400, 1767916800, 1768176000, 1768262400, 1768348800, 1768435200, 1768521600, 1768867200, 1768953600, 1769040000, 1769126400, 1769385600, 1769472000, 1769558400, 1769644800, 1769731200, 1769990400, 1770076800, 1770163200, 1770249600, 1770336000, 1770595200, 1770681600, 1770768000, 1770854400, 1770940800, 1771286400, 1771372800, 1771459200, 1771545600, 1771804800, 1771891200, 1771977600, 1772064000, 1772150400, 1772409600, 1772496000, 1772582400, 1772668800, 1772755200, 1773014400, 1773100800, 1773187200, 1773273600, 1773360000, 1773619200, 1773705600, 1773792000, 1773878400, 1773964800, 1774224000, 1774310400, 1774396800, 1774483200, 1774569600, 1774828800, 1774915200, 1775001600, 1775088000, 1775433600, 1775520000, 1775606400, 1775692800, 1775779200, 1776038400, 1776124800, 1776211200, 1776297600, 1776384000, 1776643200, 1776729600, 1776816000, 1776902400, 1776988800, 1777248000, 1777334400, 1777420800, 1777507200, 1777593600, 1777852800, 1777939200, 1778025600, 1778112000, 1778198400, 1778457600, 1778544000, 1778630400, 1778716800, 1778803200, 1779062400, 1779148800, 1779235200, 1779321600, 1779408000, 1779753600, 1779840000, 1779926400, 1780012800, 1780272000, 1780358400, 1780444800, 1780531200, 1780617600, 1780876800, 1780963200, 1781049600, 1781136000, 1781222400], "o": [110.69999694824219, 111.22000122070312, 111.05999755859375, 110.52999877929688, 112.31999969482422, 111.41000366210938, 112.29000091552734, 112.94000244140625, 114.1500015258789, 113.31999969482422, 114.0999984741211, 114.7699966430664, 113.44000244140625, 111.41999816894531, 113.79000091552734, 114.45999908447266, 112.55000305175781, 114.30999755859375, 114.62999725341797, 112.83999633789062, 112.80999755859375, 113.70999908447266, 113.19999694824219, 109.66000366210938, 110.56999969482422, 113.16999816894531, 112.69000244140625, 111.68000030517578, 111.5, 110.27999877929688, 109.62999725341797, 111.36000061035156, 104.01000213623047, 104.77999877929688, 104.19999694824219, 107.05000305175781, 106.12999725341797, 108.69000244140625, 107.5999984741211, 108.93000030517578, 107.93000030517578, 101.4000015258789, 106.56999969482422, 105.95999908447266, 107.11000061035156, 105.61000061035156, 104.9800033569336, 104.44999694824219, 106.0, 105.47000122070312, 104.77999877929688, 104.61000061035156, 102.83999633789062, 103.16999816894531, 103.0999984741211, 101.38999938964844, 100.55000305175781, 101.75, 101.4000015258789, 100.0999984741211, 99.83000183105469, 99.47000122070312, 99.16999816894531, 99.83999633789062, 99.02999877929688, 99.01000213623047, 100.22000122070312, 97.73999786376953, 96.81999969482422, 95.12000274658203, 94.19000244140625, 92.88999938964844, 95.33999633789062, 97.26000213623047, 96.0, 96.5, 95.80000305175781, 98.0999984741211, 98.66000366210938, 99.83999633789062, 98.52999877929688, 101.33999633789062, 102.5999984741211, 103.62000274658203, 104.69000244140625, 105.91000366210938, 106.19000244140625, 105.02999877929688, 104.94000244140625, 103.5999984741211, 102.62000274658203, 102.66000366210938, 100.94000244140625, 100.91000366210938, 104.4000015258789, 102.73999786376953, 101.52999877929688, 106.5199966430664, 109.05000305175781, 109.02999877929688, 108.0, 104.98999786376953, 105.3499984741211, 105.54000091552734, 105.02999877929688, 102.69000244140625, 103.70999908447266, 102.91000366210938, 103.61000061035156, 104.04000091552734, 103.0999984741211, 103.30000305175781, 103.80999755859375, 103.62999725341797, 101.66000366210938, 102.3499984741211, 100.44000244140625, 100.54000091552734, 99.68000030517578, 99.5199966430664, 99.05000305175781, 99.48999786376953, 98.83000183105469, 101.05999755859375], "h": [111.55000305175781, 112.8499984741211, 112.12999725341797, 112.80000305175781, 113.4800033569336, 112.80000305175781, 113.30999755859375, 114.52999877929688, 114.73999786376953, 114.48999786376953, 115.27999877929688, 114.88999938964844, 113.44000244140625, 116.02999877929688, 114.76000213623047, 114.97000122070312, 114.98999786376953, 115.9800033569336, 114.94000244140625, 113.22000122070312, 113.58999633789062, 114.11000061035156, 113.8499984741211, 111.08999633789062, 113.25, 114.29000091552734, 112.94999694824219, 112.41000366210938, 111.80000305175781, 111.43000030517578, 111.66999816894531, 112.94999694824219, 108.61000061035156, 104.98999786376953, 108.5999984741211, 108.33000183105469, 108.95999908447266, 108.91999816894531, 111.11000061035156, 109.87000274658203, 108.16000366210938, 105.5199966430664, 107.27999877929688, 107.7300033569336, 107.7699966430664, 106.19999694824219, 105.19000244140625, 107.2300033569336, 106.72000122070312, 106.7699966430664, 106.33999633789062, 104.61000061035156, 104.30999755859375, 103.83999633789062, 104.55000305175781, 101.80999755859375, 101.87000274658203, 102.23999786376953, 101.88999938964844, 100.87999725341797, 100.7699966430664, 99.69000244140625, 100.70999908447266, 101.0199966430664, 100.77999877929688, 100.02999877929688, 100.5999984741211, 98.05000305175781, 97.18000030517578, 96.4000015258789, 94.19000244140625, 95.19000244140625, 96.88999938964844, 98.36000061035156, 97.16999816894531, 97.16000366210938, 96.79000091552734, 99.19000244140625, 100.2300033569336, 100.16000366210938, 101.2699966430664, 103.0999984741211, 103.37999725341797, 104.52999877929688, 106.33000183105469, 107.11000061035156, 106.87999725341797, 106.27999877929688, 105.19999694824219, 103.63999938964844, 103.80999755859375, 103.29000091552734, 101.4800033569336, 104.12000274658203, 104.83000183105469, 103.05000305175781, 101.7300033569336, 109.13999938964844, 110.4800033569336, 109.20999908447266, 108.38999938964844, 106.2699966430664, 105.87999725341797, 106.29000091552734, 105.41999816894531, 104.69999694824219, 103.93000030517578, 104.86000061035156, 104.62000274658203, 104.5, 103.80000305175781, 105.25, 104.41000366210938, 103.76000213623047, 103.01000213623047, 102.48999786376953, 101.2699966430664, 101.47000122070312, 100.19999694824219, 99.83999633789062, 100.08999633789062, 99.76000213623047, 100.73999786376953, 101.7300033569336],