{"s": "ok", "t": [1765756800, 1765843200, 1765929600, 1766016000, 1766102400, 1766361600, 1766448000, 1766534400, 1766707200, 1766966400, 1767052800, 1767139200, 1767312000, 1767571200, 1767657600, 1767744000, 1767830400, 1767916800, 1768176000, 1768262400, 1768348800, 1768435200, 1768521600, 1768867200, 1768953600, 1769040000, 1769126400, 1769385600, 1769472000, 1769558400, 1769644800, 1769731200, 1769990400, 1770076800, 1770163200, 1770249600, 1770336000, 1770595200, 1770681600, 1770768000, 1770854400, 1770940800, 1771286400, 1771372800, 1771459200, 1771545600, 1771804800, 1771891200, 1771977600, 1772064000, 1772150400, 1772409600, 1772496000, 1772582400, 1772668800, 1772755200, 1773014400, 1773100800, 1773187200, 1773273600, 1773360000, 1773619200, 1773705600, 1773792000, 1773878400, 1773964800, 1774224000, 1774310400, 1774396800, 1774483200, 1774569600, 1774828800, 1774915200, 1775001600, 1775088000, 1775433600, 1775520000, 1775606400, 1775692800, 1775779200, 1776038400, 1776124800, 1776211200, 1776297600, 1776384000, 1776643200, 1776729600, 1776816000, 1776902400, 1776988800, 1777248000, 1777334400, 1777420800, 1777507200, 1777593600, 1777852800, 1777939200, 1778025600, 1778112000, 1778198400, 1778457600, 1778544000, 1778630400, 1778716800, 1778803200, 1779062400, 1779148800, 1779235200, 1779321600, 1779408000, 1779753600, 1779840000, 1779926400, 1780012800, 1780272000, 1780358400, 1780444800, 1780531200, 1780617600, 1780876800, 1780963200, 1781049600, 1781136000, 1781222400], "o": [310.9152814169449, 304.55358908476643, 307.60959033164653, 301.32777470817274, 301.33777770154796, 309.47716491524386, 309.2274800840275, 314.3608103937755, 314.0711877312235, 310.96521879647884, 312.09376543928346, 312.4433102220648, 316.4880510777925, 317.24707928114736, 315.9886856047422, 313.95131240372154, 328.54234711069296, 326.6647962522232, 325.37643895257156, 334.5146010595183, 334.62442706687915, 337.21104566866205, 333.97528525413946, 320.4528849486331, 320.50283121296127, 334.0152418739244, 332.05776231305794, 327.3838548641184, 334.93402312381306, 335.62313448097893, 339.85759500876696, 339.5580079569619, 335.78293445124825, 346.8884575284791, 342.514142570529, 311.814107165092, 326.75466854448496, 320.5127991892576, 320.5527401483992, 318.55535268111106, 311.68427643298344, 307.32996759040856, 299.6499434457439, 301.6972906518214, 301.42763905495286, 303.9243808328656, 318.6352220336332, 310.11633870149166, 311.6543207518016, 312.23361045347764, 303.7446468483449, 302.83581985466094, 298.2018299939976, 302.49628364637806, 302.6460567428228, 295.7050936872067, 294.1842573074437, 305.98724420005084, 306.56689883882945, 306.636841807898, 306.8267356773544, 304.16832484157635, 305.67739809365116, 309.0853604878573, 303.8285227221892, 305.2776414809433, 301.92965766257777, 299.02141279307426, 293.2648285118823, 287.7381369232671, 277.1144865271076, 276.2550012483934, 277.87403020607053, 290.6663854824321, 290.5164904801884, 295.69337737406744, 302.54929810267237, 320.25872115869026, 315.72141928886384, 319.8289680511782, 316.9507009019676, 324.59612530340485, 332.69130668872015, 338.5477782390461, 337.4484504303517, 340.55660000710446, 337.48841459650436, 336.818816762841, 340.9763246437424, 338.5277988797623, 345.77347673538645, 348.34192077884484, 347.36252924438134, 373.8467067603946, 381.4022037517389, 385.39979379858875, 385.99945170269467, 394.0146525811788, 399.6812819584635, 396.7630105926761, 393.41500861238904, 387.10877062384725, 385.3698394939953, 397.04285074569174, 396.0834349796574, 395.4538101055549, 396.72302500471704, 387.4685872554011, 385.46976743485186, 387.1187843592316, 384.2804712769477, 386.4391861502527, 387.76839182151133, 385.0100143138995, 376.2952290661171, 366.371163421305, 361.81388965190393, 358.68575901079333, 366.1213024821565, 365.17999267578125, 367.0899963378906, 363.19000244140625, 355.92999267578125, 362.6199951171875], "h": [311.01515750934647, 310.3660001485481, 307.6894729197007, 303.56485302569047, 306.85059101726483, 309.7268399185022, 314.5305745464577, 314.67040497756983, 314.6803801033015, 313.61176774066803, 316.5379928503015, 314.17104176667254, 322.0807776535599, 318.60529679570504, 320.5227923064431, 325.725993751253, 329.8905982345552, 330.3999246926398, 333.6057474535575, 340.04737751020235, 336.08252056576845, 337.2510022020921, 334.2149635116852, 327.30398324237245, 332.0478012719212, 334.71431361791133, 333.2562145369407, 335.4034148973675, 337.4707297257924, 337.1012215187292, 341.84502871736817, 339.5580079569619, 344.3817273143538, 348.5463032010534, 342.86369366519597, 332.25749685616427, 329.95052083207565, 327.2740180221729, 321.25184233940706, 320.64263210541753, 315.8288752987113, 308.2287915112591, 304.0442171582303, 304.983022308801, 305.0728879320441, 316.08853909864735, 319.1046122516075, 311.8640638461802, 313.2322838254539, 312.73296049797625, 311.9639287272481, 308.0889612664211, 303.5448811012492, 305.07291645770977, 302.9056980180265, 300.1393243405422, 306.6168332730834, 309.3252467158022, 311.23412470378855, 308.7555713296518, 307.50632242162294, 306.3070315122431, 311.2341070358109, 312.28346234614037, 307.8760927647981, 305.8173276578073, 305.7973733016039, 299.7409842283802, 295.82329783701033, 287.7781215852462, 279.203235317384, 276.9245842043685, 287.9080147834651, 300.34059988895723, 297.90206355243157, 300.4405418912755, 305.4475608650088, 321.88772251879675, 319.3492572184689, 321.6378852163977, 321.43801087893695, 333.09105123243734, 337.278563176308, 339.67710854893676, 342.1156763245155, 341.1962021124509, 339.13742351057505, 339.6171637007564, 341.7558578013153, 345.06387272769797, 352.9691603649003, 352.20963620070955, 355.5776236260777, 385.6096696957082, 386.52914645154755, 387.14874909409923, 392.58551415458055, 399.61131576273664, 399.8611671879692, 401.76002583943523, 397.2027547509894, 388.28805889354703, 403.4590416115898, 402.6894719958145, 399.30151410906007, 408.36608091552193, 396.91291402359946, 393.62488340369265, 392.2656959548347, 388.5079387636157, 389.0276356997364, 393.64487351491664, 391.6360768291116, 385.0100143138995, 378.3340198477676, 373.31702687507857, 366.2312646097652, 373.0271992966173, 371.8578661166277, 366.20001220703125, 372.0799865722656, 368.55999755859375, 358.79998779296875, 366.57000732421875],