{"s": "ok", "t": [1765756800, 1765843200, 1765929600, 1766016000, 1766102400, 1766361600, 1766448000, 1766534400, 1766707200, 1766966400, 1767052800, 1767139200, 1767312000, 1767571200, 1767657600, 1767744000, 1767830400, 1767916800, 1768176000, 1768262400, 1768348800, 1768435200, 1768521600, 1768867200, 1768953600, 1769040000, 1769126400, 1769385600, 1769472000, 1769558400, 1769644800, 1769731200, 1769990400, 1770076800, 1770163200, 1770249600, 1770336000, 1770595200, 1770681600, 1770768000, 1770854400, 1770940800, 1771286400, 1771372800, 1771459200, 1771545600, 1771804800, 1771891200, 1771977600, 1772064000, 1772150400, 1772409600, 1772496000, 1772582400, 1772668800, 1772755200, 1773014400, 1773100800, 1773187200, 1773273600, 1773360000, 1773619200, 1773705600, 1773792000, 1773878400, 1773964800, 1774224000, 1774310400, 1774396800, 1774483200, 1774569600, 1774828800, 1774915200, 1775001600, 1775088000, 1775433600, 1775520000, 1775606400, 1775692800, 1775779200, 1776038400, 1776124800, 1776211200, 1776297600, 1776384000, 1776643200, 1776729600, 1776816000, 1776902400, 1776988800, 1777248000, 1777334400, 1777420800, 1777507200, 1777593600, 1777852800, 1777939200, 1778025600, 1778112000, 1778198400, 1778457600, 1778544000, 1778630400, 1778716800, 1778803200, 1779062400, 1779148800, 1779235200, 1779321600, 1779408000, 1779753600, 1779840000, 1779926400, 1780012800, 1780272000, 1780358400, 1780444800, 1780531200, 1780617600, 1780876800, 1780963200, 1781049600, 1781136000, 1781222400], "o": [316.534963668203, 316.0397072252412, 315.3860269605939, 312.979256626897, 310.79038320864026, 314.47481933577194, 320.51650136966475, 323.1213622604756, 325.9639318748006, 323.8741142125664, 321.7050354533748, 321.2395304565584, 319.4171281542276, 322.3884599175412, 330.92639220894705, 329.4539672046419, 324.7281574581884, 327.6631156796267, 320.2411028663189, 322.64875130423195, 306.6307659579143, 306.8993776774091, 308.76979706409315, 304.65088058894946, 301.88504309324475, 303.3077326815458, 300.4623078902987, 296.2936374196168, 299.7957098597862, 298.74110176244625, 300.86028172816947, 303.6957636347891, 302.9097896135357, 308.15296152215484, 312.809117891095, 313.3961328396234, 313.10760555212, 319.70385137937853, 320.9076714905845, 321.5941717066872, 310.68996020493864, 297.0000117729552, 301.21844819128046, 306.8894162356143, 305.6060125002564, 306.829734990155, 307.22769310292153, 295.3086878147805, 297.1194302945208, 303.02916294815697, 298.4725052158334, 293.3089239524434, 290.80175042735664, 298.4625518350298, 296.46279534996694, 284.88204628210366, 284.04633930656934, 287.81703392074905, 287.339470512306, 281.38992356011664, 283.2205743771862, 284.88204862524725, 287.5285022187445, 285.36953215418885, 285.4193072233837, 286.61317132501995, 292.8114588483544, 284.71293429347423, 292.6522795072885, 291.0902559049482, 287.66781259849654, 283.2901966006573, 287.0012007453536, 293.8859963972044, 290.4237002119346, 294.05999755859375, 293.1400146484375, 307.9700012207031, 306.95001220703125, 310.0, 307.4700012207031, 309.82000732421875, 313.95001220703125, 305.3500061035156, 312.4700012207031, 310.8500061035156, 317.489990234375, 314.8500061035156, 313.5199890136719, 311.1499938964844, 306.8800048828125, 315.20001220703125, 310.57000732421875, 307.07000732421875, 313.95001220703125, 310.6199951171875, 307.7099914550781, 311.45001220703125, 314.6499938964844, 308.25, 302.1000061035156, 300.0199890136719, 302.2699890136719, 302.25, 300.2099914550781, 298.0, 301.0899963378906, 296.70001220703125, 301.2300109863281, 304.67999267578125, 308.489990234375, 305.0, 297.57000732421875, 296.3999938964844, 297.69000244140625, 296.5, 299.9200134277344, 305.739990234375, 314.2900085449219, 313.25, 313.510009765625, 312.55999755859375, 309.55999755859375, 315.9700012207031], "h": [319.7935222813264, 316.46558945571707, 316.3170436429019, 314.66301788263524, 315.51477427620307, 320.14014104266494, 324.6466524002949, 326.8355148620812, 327.6972031402456, 324.63674268276935, 321.83379757815135, 321.77437689354394, 322.61626252061376, 334.026138578159, 334.1598441675407, 330.45880399676645, 329.7126277455971, 330.21007865256746, 324.3600076252465, 325.1957141371429, 310.17263725890126, 311.3466191836246, 315.5948534301565, 309.56573031914434, 303.8450138204667, 306.6307531542374, 300.8304191049288, 300.243424572115, 300.4324657566407, 300.38272473319716, 305.2677184721844, 306.36211063628633, 307.72514241386267, 314.6397527673971, 317.68416242077944, 314.4009999973286, 322.59903993155126, 324.73808529326595, 324.4694603347238, 323.6237932822943, 312.0231336727285, 302.740652037527, 306.6705262718474, 310.6899733588093, 307.6057576457843, 309.4165028225248, 309.4165036660153, 298.22376183621185, 302.113859047087, 307.4366298839601, 301.4074969953331, 298.45261340621465, 300.8503301542204, 299.4674190034017, 299.7061758621692, 288.51345559776433, 289.61783224456605, 291.25940817695187, 289.00098077209634, 282.4345955757058, 285.72773249785536, 287.7971227560318, 290.2744588762506, 287.93641255144826, 288.0359209952396, 289.2297850267638, 294.24412922690453, 293.9755285514211, 296.1245302289603, 293.48798854194115, 288.63284454259417, 285.787426299191, 293.56760164880984, 297.19902789200404, 294.1148016905453, 296.8299865722656, 298.17999267578125, 311.260009765625, 311.260009765625, 310.3500061035156, 313.739990234375, 314.32000732421875, 314.239990234375, 309.95001220703125, 314.8999938964844, 317.1300048828125, 320.239990234375, 315.1499938964844, 314.989990234375, 311.1499938964844, 312.5799865722656, 315.45001220703125, 312.04998779296875, 314.1000061035156, 316.0799865722656, 310.6499938964844, 310.9700012207031, 316.260009765625, 316.29998779296875, 308.989990234375, 303.19000244140625, 306.05999755859375, 303.0, 303.75, 300.7900085449219, 301.260009765625, 301.7900085449219, 302.92999267578125, 303.9800109863281, 307.45001220703125, 309.92999267578125, 305.8999938964844, 301.07000732421875, 299.8800048828125, 299.54998779296875, 302.07000732421875, 301.9599914550781, 312.9100036621094, 315.0, 316.29998779296875, 316.4200134277344, 314.75, 314.7200012207031, 321.29998779296875],