{"s": "ok", "t": [1765756800, 1765843200, 1765929600, 1766016000, 1766102400, 1766361600, 1766448000, 1766534400, 1766707200, 1766966400, 1767052800, 1767139200, 1767312000, 1767571200, 1767657600, 1767744000, 1767830400, 1767916800, 1768176000, 1768262400, 1768348800, 1768435200, 1768521600, 1768867200, 1768953600, 1769040000, 1769126400, 1769385600, 1769472000, 1769558400, 1769644800, 1769731200, 1769990400, 1770076800, 1770163200, 1770249600, 1770336000, 1770595200, 1770681600, 1770768000, 1770854400, 1770940800, 1771286400, 1771372800, 1771459200, 1771545600, 1771804800, 1771891200, 1771977600, 1772064000, 1772150400, 1772409600, 1772496000, 1772582400, 1772668800, 1772755200, 1773014400, 1773100800, 1773187200, 1773273600, 1773360000, 1773619200, 1773705600, 1773792000, 1773878400, 1773964800, 1774224000, 1774310400, 1774396800, 1774483200, 1774569600, 1774828800, 1774915200, 1775001600, 1775088000, 1775433600, 1775520000, 1775606400, 1775692800, 1775779200, 1776038400, 1776124800, 1776211200, 1776297600, 1776384000, 1776643200, 1776729600, 1776816000, 1776902400, 1776988800, 1777248000, 1777334400, 1777420800, 1777507200, 1777593600, 1777852800, 1777939200, 1778025600, 1778112000, 1778198400, 1778457600, 1778544000, 1778630400, 1778716800, 1778803200, 1779062400, 1779148800, 1779235200, 1779321600, 1779408000, 1779753600, 1779840000, 1779926400, 1780012800, 1780272000, 1780358400, 1780444800, 1780531200, 1780617600, 1780876800, 1780963200, 1781049600, 1781136000, 1781222400], "o": [96.0199966430664, 93.87999725341797, 95.9800033569336, 95.0199966430664, 93.56999969482422, 94.70999908447266, 93.4000015258789, 93.11000061035156, 93.4800033569336, 93.98999786376953, 93.5199966430664, 93.5999984741211, 94.12999725341797, 90.91999816894531, 91.54000091552734, 91.55999755859375, 90.44999694824219, 90.02999877929688, 89.69000244140625, 89.44000244140625, 91.23999786376953, 89.0199966430664, 88.33999633789062, 88.97000122070312, 82.5199966430664, 85.0199966430664, 83.43000030517578, 86.91999816894531, 85.27999877929688, 85.62999725341797, 84.30999755859375, 83.0999984741211, 83.52999877929688, 82.2300033569336, 79.98999786376953, 81.48999786376953, 81.0199966430664, 82.18000030517578, 82.72000122070312, 81.95999908447266, 79.11000061035156, 76.13999938964844, 76.91999816894531, 77.31999969482422, 77.75, 76.61000061035156, 77.79000091552734, 75.7300033569336, 79.43000030517578, 83.19999694824219, 94.30000305175781, 95.26000213623047, 96.01000213623047, 97.11000061035156, 98.5, 99.33000183105469, 97.69999694824219, 97.80999755859375, 97.41000366210938, 94.86000061035156, 94.63999938964844, 95.58000183105469, 95.30000305175781, 94.44999694824219, 94.30999755859375, 91.30999755859375, 92.04000091552734, 92.79000091552734, 91.70999908447266, 91.5199966430664, 94.56999969482422, 92.75, 93.02999877929688, 96.47000122070312, 95.2699966430664, 100.95999908447266, 98.55000305175781, 100.31999969482422, 99.62999725341797, 102.47000122070312, 103.02999877929688, 103.12000274658203, 105.9800033569336, 107.47000122070312, 96.37000274658203, 97.13999938964844, 94.0, 93.05999755859375, 94.05999755859375, 92.56999969482422, 92.05000305175781, 91.5, 91.2300033569336, 91.3499984741211, 94.41999816894531, 92.0999984741211, 91.18000030517578, 87.1500015258789, 88.19999694824219, 87.70999908447266, 86.52999877929688, 85.91000366210938, 86.56999969482422, 87.62000274658203, 87.69000244140625, 86.5, 90.13999938964844, 88.5199966430664, 88.02999877929688, 89.0999984741211, 88.4000015258789, 87.05000305175781, 86.9000015258789, 86.19999694824219, 85.7300033569336, 85.61000061035156, 82.91000366210938, 83.19000244140625, 82.33000183105469, 81.66000366210938, 82.12999725341797, 81.70999908447266, 81.87000274658203, 81.68000030517578], "h": [96.37000274658203, 94.93000030517578, 97.33000183105469, 95.80999755859375, 95.54000091552734, 94.70999908447266, 93.80999755859375, 93.68000030517578, 94.69000244140625, 94.97000122070312, 93.98999786376953, 94.30999755859375, 94.12999725341797, 92.62999725341797, 91.63999938964844, 92.41999816894531, 91.25, 90.05000305175781, 90.33999633789062, 91.1500015258789, 91.58000183105469, 89.88999938964844, 88.51000213623047, 89.9000015258789, 86.0, 85.0999984741211, 86.30000305175781, 86.94000244140625, 85.5999984741211, 86.47000122070312, 84.37999725341797, 84.05999755859375, 85.2699966430664, 82.44999694824219, 81.44000244140625, 83.30000305175781, 82.48999786376953, 82.20999908447266, 84.66000366210938, 82.4800033569336, 79.1500015258789, 77.18000030517578, 77.87000274658203, 78.31999969482422, 78.69999694824219, 78.8499984741211, 77.83000183105469, 78.12000274658203, 83.12000274658203, 86.5, 96.75, 98.06999969482422, 98.45999908447266, 99.75, 100.19000244140625, 99.87999725341797, 98.94000244140625, 98.48999786376953, 98.0, 95.4000015258789, 95.68000030517578, 96.0999984741211, 96.33999633789062, 95.33999633789062, 95.75, 91.87999725341797, 93.9800033569336, 93.73999786376953, 92.5199966430664, 95.86000061035156, 95.58000183105469, 94.48999786376953, 96.26000213623047, 97.19999694824219, 98.70999908447266, 102.69000244140625, 99.87999725341797, 100.4000015258789, 102.33999633789062, 103.08000183105469, 103.66999816894531, 106.56999969482422, 107.8499984741211, 108.94999694824219, 98.73999786376953, 97.5999984741211, 94.6500015258789, 93.8499984741211, 94.63999938964844, 93.27999877929688, 92.83999633789062, 92.33999633789062, 92.86000061035156, 94.22000122070312, 94.69999694824219, 92.33000183105469, 91.27999877929688, 88.55000305175781, 89.4000015258789, 88.04000091552734, 87.33999633789062, 89.16999816894531, 88.62000274658203, 88.5, 89.48999786376953, 89.81999969482422, 91.4800033569336, 88.55000305175781, 90.37000274658203, 89.97000122070312, 88.7300033569336, 88.5, 87.04000091552734, 86.66999816894531, 87.2300033569336, 85.9800033569336, 83.30999755859375, 83.69999694824219, 82.75, 83.08000183105469, 82.33999633789062, 82.75, 82.0999984741211, 82.0],