{"s": "ok", "t": [1765756800, 1765843200, 1765929600, 1766016000, 1766102400, 1766361600, 1766448000, 1766534400, 1766707200, 1766966400, 1767052800, 1767139200, 1767312000, 1767571200, 1767657600, 1767744000, 1767830400, 1767916800, 1768176000, 1768262400, 1768348800, 1768435200, 1768521600, 1768867200, 1768953600, 1769040000, 1769126400, 1769385600, 1769472000, 1769558400, 1769644800, 1769731200, 1769990400, 1770076800, 1770163200, 1770249600, 1770336000, 1770595200, 1770681600, 1770768000, 1770854400, 1770940800, 1771286400, 1771372800, 1771459200, 1771545600, 1771804800, 1771891200, 1771977600, 1772064000, 1772150400, 1772409600, 1772496000, 1772582400, 1772668800, 1772755200, 1773014400, 1773100800, 1773187200, 1773273600, 1773360000, 1773619200, 1773705600, 1773792000, 1773878400, 1773964800, 1774224000, 1774310400, 1774396800, 1774483200, 1774569600, 1774828800, 1774915200, 1775001600, 1775088000, 1775433600, 1775520000, 1775606400, 1775692800, 1775779200, 1776038400, 1776124800, 1776211200, 1776297600, 1776384000, 1776643200, 1776729600, 1776816000, 1776902400, 1776988800, 1777248000, 1777334400, 1777420800, 1777507200, 1777593600, 1777852800, 1777939200, 1778025600, 1778112000, 1778198400, 1778457600, 1778544000, 1778630400, 1778716800, 1778803200, 1779062400, 1779148800, 1779235200, 1779321600, 1779408000, 1779753600, 1779840000, 1779926400, 1780012800, 1780272000, 1780358400, 1780444800, 1780531200, 1780617600, 1780876800, 1780963200, 1781049600, 1781136000, 1781222400], "o": [477.97146396596463, 469.8177748762136, 474.79560024235434, 476.06992080908344, 485.1992432324443, 483.9647726311972, 482.829854335465, 483.5267014178325, 484.5521629916047, 482.71034015280554, 483.77560983811236, 485.6771523949816, 482.24244872265706, 471.95822796941724, 471.69937935780575, 477.63296458601815, 479.10639276886474, 471.9582322108041, 474.5566738594685, 472.57548334410274, 464.3919508718589, 462.06232415810086, 455.8001987238622, 449.2194951600843, 450.5933708341933, 445.6354487179439, 449.8665935761158, 463.2470104625561, 471.59986874099184, 481.0676409982362, 438.0392806211351, 437.2229285851671, 428.33251789753194, 420.1390072256922, 409.17783910585314, 405.6335909812077, 397.4002746193236, 403.0550898097971, 417.75959730190846, 414.33481566901673, 403.20440420967, 402.65686886295305, 397.45004705087115, 396.3648548030424, 399.82403795970674, 395.2539159508346, 394.14630950985264, 383.30981969967445, 389.68597856263057, 403.8353349281015, 390.03523926255787, 392.01092411942045, 392.2903484387299, 400.4027502952161, 403.54596943015656, 408.31564337314285, 404.044890641513, 409.1438479339772, 404.6934855668013, 403.7555185610488, 400.13336309353434, 397.209690545171, 399.4049101655112, 396.271723303423, 389.2569126674818, 385.95408868282834, 383.07032058481127, 381.53362193174286, 376.10542586510894, 370.01860155518807, 361.11784971721505, 361.1178525849577, 363.7621155862403, 372.682807332766, 366.41637016886637, 372.682794233078, 369.5396147715723, 384.148004001906, 371.6949574789129, 372.17393720824543, 372.8025510733858, 387.0816509997633, 397.1398382929036, 418.95258572248235, 423.9018933176335, 420.2398034863272, 419.33177508554746, 425.2689090952171, 418.9825380949446, 416.0688403922519, 421.46715688013995, 423.6524179624475, 423.6623688360089, 409.92216255995794, 411.9078412872606, 410.6505829404435, 414.42242364358015, 407.11822745622237, 419.2020489501835, 416.48795292910256, 406.9885016374445, 413.58422243338293, 402.3286237155428, 403.6058516736889, 413.3746572242232, 415.71960624154525, 428.9708919761278, 413.2749005432513, 424.75, 419.5400085449219, 416.42999267578125, 411.010009765625, 412.9800109863281, 432.54998779296875, 464.8399963378906, 446.8800048828125, 438.45001220703125, 435.80999755859375, 428.3399963378906, 414.1400146484375, 409.0299987792969, 398.54998779296875, 395.2099914550781, 391.4200134277344], "h": [478.588710310573, 475.7712732838117, 477.8718969329872, 487.4293375934554, 485.68709144559693, 486.5632169440421, 485.66719456773416, 486.99128356758627, 485.95591540329985, 486.1848877649252, 487.5089841188462, 485.97584057107747, 482.5112407273309, 473.95932625248497, 476.617480129593, 487.5288974221053, 480.5201105081445, 477.6927047258898, 478.85749783991434, 473.6706125344443, 466.12425727832346, 462.191752665677, 461.13645097900303, 454.77474258752966, 450.6829681667298, 450.8323067932568, 469.01134678020316, 472.14737672642065, 480.72919663912324, 481.59528998521284, 440.5381621786467, 437.65101486434605, 428.8303011436502, 420.178808008447, 417.93881231579195, 406.4897635323938, 400.0086538663787, 413.05058563481117, 421.80159473973595, 414.61357304478975, 404.3990960787573, 403.7420326637702, 398.7442713079252, 400.77520665339193, 403.55594539020564, 399.2552593187824, 394.50551684604494, 388.5185091169527, 400.60233728073825, 406.6093255926281, 395.9624042352165, 400.32293811697235, 405.82103971635513, 410.14166638677375, 410.72040218284053, 412.1572983375802, 409.3234358422322, 409.31349393117443, 408.1260534422115, 405.2422886286942, 403.9251383935716, 399.7641553863696, 403.5259891234105, 397.13983817793417, 391.6417315076428, 386.16362631018524, 386.3731646745857, 381.6434000325674, 376.2451074667104, 373.9101668945663, 361.6666793192034, 364.5703662773937, 372.09407550142714, 373.1817267376728, 372.83249667260446, 372.92229624611906, 371.64507045865594, 384.167949815935, 372.6927962909368, 374.8281921461914, 383.70895264062807, 393.83700889302276, 413.47445440771634, 419.9105328997013, 430.64726300981, 422.4150847565369, 426.25677891783357, 432.7626880248645, 422.7443793162959, 424.0316048781353, 426.1869149113369, 428.99086152362304, 425.8975483734993, 413.5243765293071, 416.2085240460113, 419.87060358807366, 415.8792597859335, 417.51572107575487, 427.05506598481406, 417.7252633012779, 411.79809190456297, 414.6020070114768, 405.4318878236479, 410.94993067744383, 427.24464052002446, 424.2012362508279, 431.7648588737268, 421.18775475321456, 426.3399963378906, 424.3999938964844, 419.7699890136719, 415.94000244140625, 429.489990234375, 450.3299865722656, 466.32000732421875, 453.5, 440.3900146484375, 436.1499938964844, 429.4700012207031, 417.1600036621094, 411.9800109863281, 405.0400085449219, 396.8500061035156, 391.739990234375],