{"s": "ok", "t": [1765756800, 1765843200, 1765929600, 1766016000, 1766102400, 1766361600, 1766448000, 1766534400, 1766707200, 1766966400, 1767052800, 1767139200, 1767312000, 1767571200, 1767657600, 1767744000, 1767830400, 1767916800, 1768176000, 1768262400, 1768348800, 1768435200, 1768521600, 1768867200, 1768953600, 1769040000, 1769126400, 1769385600, 1769472000, 1769558400, 1769644800, 1769731200, 1769990400, 1770076800, 1770163200, 1770249600, 1770336000, 1770595200, 1770681600, 1770768000, 1770854400, 1770940800, 1771286400, 1771372800, 1771459200, 1771545600, 1771804800, 1771891200, 1771977600, 1772064000, 1772150400, 1772409600, 1772496000, 1772582400, 1772668800, 1772755200, 1773014400, 1773100800, 1773187200, 1773273600, 1773360000, 1773619200, 1773705600, 1773792000, 1773878400, 1773964800, 1774224000, 1774310400, 1774396800, 1774483200, 1774569600, 1774828800, 1774915200, 1775001600, 1775088000, 1775433600, 1775520000, 1775606400, 1775692800, 1775779200, 1776038400, 1776124800, 1776211200, 1776297600, 1776384000, 1776643200, 1776729600, 1776816000, 1776902400, 1776988800, 1777248000, 1777334400, 1777420800, 1777507200, 1777593600, 1777852800, 1777939200, 1778025600, 1778112000, 1778198400, 1778457600, 1778544000, 1778630400, 1778716800, 1778803200, 1779062400, 1779148800, 1779235200, 1779321600, 1779408000, 1779753600, 1779840000, 1779926400, 1780012800, 1780272000, 1780358400, 1780444800, 1780531200, 1780617600, 1780876800, 1780963200, 1781049600, 1781136000, 1781222400], "o": [279.63046152672615, 272.3140798989353, 274.50001118897205, 273.1025913325419, 271.6453053723066, 272.3539780142796, 270.3377490962612, 271.8349404799371, 273.65157518449314, 272.1843267483383, 272.304089543875, 272.553621806917, 271.75509761912826, 270.1381104139889, 266.504853430471, 262.71190159101934, 256.5433578451618, 258.5995368285105, 258.6794199598783, 258.24022168851656, 259.0087756526009, 260.1666175851947, 257.4217372195352, 252.26132447540706, 248.23880604127606, 248.737864640942, 246.86136630134166, 251.01363570547153, 258.68937090303496, 257.17220993748055, 257.52154586161765, 254.69678984095313, 259.5478036352127, 268.70080609664296, 271.7850411492978, 277.6142303156022, 276.6060720438839, 277.6541982366954, 274.6369782150198, 274.44714753122867, 275.3363333447182, 261.7688319830923, 257.8124646511843, 263.35737977838915, 262.35827847824623, 258.73163460792017, 263.24744081710827, 267.61343657617186, 271.5298429675081, 274.6969199809464, 272.5588900215503, 262.16844722421786, 263.23749216234586, 264.4063951364299, 260.54995479568396, 258.39192833924307, 255.45463216869055, 257.4128391437035, 260.8496568052655, 258.4219063383753, 255.24483747003174, 251.87794235419486, 252.72716690012706, 252.3974721128864, 249.17043241392184, 247.7517334570195, 253.73622734962268, 250.1195650925759, 253.86611511385965, 251.88793104116345, 253.666280215245, 249.83982057534305, 247.6818040942864, 253.8461228128272, 253.96601496217014, 256.27389167390277, 255.92421782448065, 258.2121146377317, 258.7615948993736, 259.7406946341393, 259.49093671136296, 259.01136264890187, 257.92237663273806, 266.55439590858066, 266.7142527536172, 270.08114756253855, 271.250098918132, 267.5734973129919, 274.79681820267325, 272.50893317942314, 265.84505761361925, 272.0893199684016, 267.3037117460274, 270.25102650288807, 278.6032901046287, 279.4025768563376, 276.6750995896243, 281.66051049385584, 289.00371711581823, 289.7430674686918, 291.9800109863281, 292.55999755859375, 293.5, 299.82000732421875, 297.8999938964844, 300.239990234375, 296.9700012207031, 298.17999267578125, 301.05999755859375, 306.1199951171875, 309.55999755859375, 308.3299865722656, 310.67999267578125, 311.7799987792969, 309.6300048828125, 307.4599914550781, 314.17999267578125, 313.2300109863281, 312.8599853515625, 308.739990234375, 300.2799987792969, 290.739990234375, 293.7200012207031, 296.0799865722656], "h": [279.63046152672615, 274.9891026980292, 275.6478724530811, 273.12257373871984, 274.09077415448866, 273.37210596231955, 271.99467443806464, 274.9192064044749, 274.859322715931, 273.8512128461511, 273.5717234473003, 273.17246717497864, 277.32473598417806, 271.0064921177503, 267.0538212812338, 263.1909919246956, 258.80916773471864, 259.7274461787287, 260.8154357257053, 261.3244878277737, 261.33447181199796, 260.5559089501236, 258.41988279267105, 254.31750190322293, 251.09350304772093, 250.53452965267718, 248.94748685874615, 256.08421686766076, 261.46421404872183, 258.3799575946877, 259.16847988830324, 261.41430490835, 269.98839826257677, 271.3758289780004, 278.432693698261, 278.98168486317746, 280.3890519626743, 277.9439398399519, 275.11651686144285, 279.92208361183503, 275.46621856633783, 261.9886306947134, 266.0449008431299, 266.57441720150126, 264.2365527856389, 264.5063132392292, 269.1819753311392, 274.6369951599546, 274.6869380517792, 275.8558253670768, 272.5588900215503, 266.2846497598317, 265.31556422164516, 265.9050144519466, 261.3192350446657, 258.53178361058343, 260.9095975388004, 262.2384104290217, 261.888707997661, 258.71164792954545, 256.0940459350445, 253.6563027081548, 254.89516767044782, 254.70534343896443, 251.5982036354298, 248.97061168291066, 254.3656523266213, 254.5954370944537, 254.76528059453105, 256.76344411909713, 255.2548282141602, 250.63907198816298, 255.24482803058763, 255.94418062939917, 255.89424639361263, 261.9186847371787, 255.96418954301222, 259.51090582044134, 260.879638597066, 261.94865175168746, 259.9405042051452, 261.68888841493145, 266.3146386359468, 266.91408037974617, 272.0493335842862, 274.0275237795767, 272.5488901425708, 273.48803128351057, 275.5161566987003, 272.80864483253174, 268.1129570778125, 272.97851539952296, 270.7905199823619, 275.7459641951834, 286.95561044034525, 280.3716851917065, 284.30808218316156, 287.76487170009636, 291.8611003514943, 294.4886952888782, 293.8800048828125, 295.2699890136719, 300.9200134277344, 300.45001220703125, 303.20001220703125, 300.6600036621094, 300.510009765625, 302.79998779296875, 305.5400085449219, 311.3999938964844, 311.82000732421875, 313.260009765625, 312.79998779296875, 315.0, 310.94000244140625, 315.45001220703125, 316.94000244140625, 313.5400085449219, 315.1700134277344, 317.3999938964844, 300.75, 294.75, 297.0, 297.1400146484375],